-- MySQL dump 10.13  Distrib 5.7.28, for Linux (x86_64)
--
-- Host: localhost    Database: rincon
-- ------------------------------------------------------
-- Server version	5.7.28-0ubuntu0.18.04.4

/*!40101 SET @OLD_CHARACTER_SET_CLIENT=@@CHARACTER_SET_CLIENT */;
/*!40101 SET @OLD_CHARACTER_SET_RESULTS=@@CHARACTER_SET_RESULTS */;
/*!40101 SET @OLD_COLLATION_CONNECTION=@@COLLATION_CONNECTION */;
/*!40101 SET NAMES utf8 */;
/*!40103 SET @OLD_TIME_ZONE=@@TIME_ZONE */;
/*!40103 SET TIME_ZONE='+00:00' */;
/*!40014 SET @OLD_UNIQUE_CHECKS=@@UNIQUE_CHECKS, UNIQUE_CHECKS=0 */;
/*!40014 SET @OLD_FOREIGN_KEY_CHECKS=@@FOREIGN_KEY_CHECKS, FOREIGN_KEY_CHECKS=0 */;
/*!40101 SET @OLD_SQL_MODE=@@SQL_MODE, SQL_MODE='NO_AUTO_VALUE_ON_ZERO' */;
/*!40111 SET @OLD_SQL_NOTES=@@SQL_NOTES, SQL_NOTES=0 */;

--
-- Table structure for table `clientes`
--

DROP TABLE IF EXISTS `clientes`;
/*!40101 SET @saved_cs_client     = @@character_set_client */;
/*!40101 SET character_set_client = utf8 */;
CREATE TABLE `clientes` (
  `id` int(11) NOT NULL AUTO_INCREMENT,
  `cuit` varchar(45) DEFAULT NULL,
  `razon_social` text NOT NULL,
  `situacion_iva` int(11) NOT NULL,
  `direccion` text,
  `telefono` text,
  `localidad` text,
  `provincia` text,
  `mail` text,
  `lista_precios_id` int(11) NOT NULL,
  `observaciones` text,
  PRIMARY KEY (`id`),
  KEY `fk_clientes_lista_precios1_idx` (`lista_precios_id`),
  KEY `situacioniva` (`situacion_iva`),
  CONSTRAINT `listaprecio4` FOREIGN KEY (`lista_precios_id`) REFERENCES `lista_precios` (`id`),
  CONSTRAINT `situacioniva` FOREIGN KEY (`situacion_iva`) REFERENCES `situacion_IVA` (`id`)
) ENGINE=InnoDB AUTO_INCREMENT=12 DEFAULT CHARSET=latin1;
/*!40101 SET character_set_client = @saved_cs_client */;

--
-- Dumping data for table `clientes`
--

LOCK TABLES `clientes` WRITE;
/*!40000 ALTER TABLE `clientes` DISABLE KEYS */;
INSERT INTO `clientes` VALUES (6,'20273200682','sucursal recreo',4,'San Jeroniumo 4465','45644567','Santa Fe','Santa Fe','helader@gmail.com',2,'hoal'),(8,'20235502985','TECNOFE',4,'Gob Candioti 1166','45644567','SANTA FE','SANTA FE','helader@gmail.com',1,''),(9,'20273200682','reSTAURANTE LE CHAT',4,'Gob Candioti 1166','3457345678','Santa Fe','SANTA FE','blacd@.com',2,''),(10,'27249435002','grido',1,'dorrego 3554','','Colastine','Santa Fe','zsdsfd@hfdsa.com',2,''),(11,'20235502985','Heladeria cremolatti',1,'Boulevard 2345','23345465','Santa Fe','Santa Fe','cremolati@are.dom',1,'');
/*!40000 ALTER TABLE `clientes` ENABLE KEYS */;
UNLOCK TABLES;

--
-- Table structure for table `depositos`
--

DROP TABLE IF EXISTS `depositos`;
/*!40101 SET @saved_cs_client     = @@character_set_client */;
/*!40101 SET character_set_client = utf8 */;
CREATE TABLE `depositos` (
  `id` int(11) NOT NULL AUTO_INCREMENT,
  `nombre` text NOT NULL,
  `direccion` text NOT NULL,
  `descripcion` text NOT NULL,
  `visible` tinyint(1) NOT NULL,
  PRIMARY KEY (`id`)
) ENGINE=InnoDB AUTO_INCREMENT=15 DEFAULT CHARSET=latin1;
/*!40101 SET character_set_client = @saved_cs_client */;

--
-- Dumping data for table `depositos`
--

LOCK TABLES `depositos` WRITE;
/*!40000 ALTER TABLE `depositos` DISABLE KEYS */;
INSERT INTO `depositos` VALUES (9,'Deposito Seco ','Ruta 2, km  5','Deposito de materias primas e insumos de produccion',1),(12,'Camara ','Ruta 2, km  5','Almacen de productos elaborados',1),(13,'Descarte','','Deposito para baja de materiales y productos',0),(14,'Fabrica para Produccion','','Deposito temporal para productos en proceso de fabricacion',0);
/*!40000 ALTER TABLE `depositos` ENABLE KEYS */;
UNLOCK TABLES;

--
-- Table structure for table `item_lista_precios`
--

DROP TABLE IF EXISTS `item_lista_precios`;
/*!40101 SET @saved_cs_client     = @@character_set_client */;
/*!40101 SET character_set_client = utf8 */;
CREATE TABLE `item_lista_precios` (
  `id` int(11) NOT NULL AUTO_INCREMENT,
  `productos_id` int(11) NOT NULL,
  `lista_precios_id` int(11) NOT NULL,
  `precio` decimal(11,2) DEFAULT NULL,
  PRIMARY KEY (`id`),
  KEY `fk_item_lista_precios_productos1_idx` (`productos_id`),
  KEY `fk_item_lista_precios_lista_precios1_idx` (`lista_precios_id`),
  CONSTRAINT `fk_item_lista_precios_productos1` FOREIGN KEY (`productos_id`) REFERENCES `productos` (`id`) ON DELETE NO ACTION ON UPDATE NO ACTION,
  CONSTRAINT `listaprecio3` FOREIGN KEY (`lista_precios_id`) REFERENCES `lista_precios` (`id`)
) ENGINE=InnoDB AUTO_INCREMENT=93 DEFAULT CHARSET=latin1;
/*!40101 SET character_set_client = @saved_cs_client */;

--
-- Dumping data for table `item_lista_precios`
--

LOCK TABLES `item_lista_precios` WRITE;
/*!40000 ALTER TABLE `item_lista_precios` DISABLE KEYS */;
INSERT INTO `item_lista_precios` VALUES (2,177,1,154.93),(43,185,1,1394.32),(44,176,1,28.17),(52,183,1,30.99),(54,176,2,27.81),(55,177,2,47.25),(56,184,2,20.25),(58,185,2,118.80),(59,178,2,0.00),(60,178,1,56.32),(64,183,10,7654.00),(65,184,10,55.00),(66,186,10,23.00),(67,185,10,998.00),(82,176,10,98.00),(83,184,1,37.42),(84,186,1,0.00),(85,176,11,0.00),(86,177,11,0.00),(87,178,11,0.00),(88,183,11,0.00),(89,184,11,0.00),(90,189,11,0.00),(91,186,11,0.00),(92,185,11,0.00);
/*!40000 ALTER TABLE `item_lista_precios` ENABLE KEYS */;
UNLOCK TABLES;

--
-- Table structure for table `item_pedidos`
--

DROP TABLE IF EXISTS `item_pedidos`;
/*!40101 SET @saved_cs_client     = @@character_set_client */;
/*!40101 SET character_set_client = utf8 */;
CREATE TABLE `item_pedidos` (
  `id` int(11) NOT NULL AUTO_INCREMENT,
  `producto_id` int(11) NOT NULL,
  `venta_id` int(11) NOT NULL,
  `cantidad` decimal(10,2) NOT NULL,
  `precio` decimal(10,2) NOT NULL,
  PRIMARY KEY (`id`),
  UNIQUE KEY `producto_repetido` (`producto_id`,`venta_id`),
  KEY `venta_id` (`venta_id`),
  CONSTRAINT `item_pedidos_ibfk_1` FOREIGN KEY (`producto_id`) REFERENCES `productos` (`id`),
  CONSTRAINT `item_pedidos_ibfk_2` FOREIGN KEY (`venta_id`) REFERENCES `ventas` (`id`)
) ENGINE=InnoDB AUTO_INCREMENT=109 DEFAULT CHARSET=latin1;
/*!40101 SET character_set_client = @saved_cs_client */;

--
-- Dumping data for table `item_pedidos`
--

LOCK TABLES `item_pedidos` WRITE;
/*!40000 ALTER TABLE `item_pedidos` DISABLE KEYS */;
INSERT INTO `item_pedidos` VALUES (66,176,45,5.00,24.84),(67,184,45,10.00,33.00),(70,185,47,10.00,1229.56),(71,184,47,4.00,33.00),(72,177,47,4.00,136.62),(74,177,48,5.00,8.00),(75,184,48,6.00,55.00),(76,183,48,1.00,7654.00),(77,177,49,4.00,136.62),(78,178,49,1.00,0.00),(79,186,49,6.00,88.00),(80,184,49,2.00,33.66),(81,189,50,5.00,0.00),(82,184,50,4.00,55.00),(83,183,50,4.00,7654.00),(84,185,50,1.00,998.00),(85,178,50,1.50,0.00),(86,185,51,34.00,1229.56),(87,184,51,1.00,33.00),(88,176,52,4.00,24.84),(89,184,53,2.00,33.00),(90,176,53,6.00,24.84),(91,185,53,5.00,1229.56),(92,186,53,8.00,0.00),(93,186,54,1.00,23.00),(94,176,54,5.00,98.00),(95,184,55,2.00,37.42),(96,176,55,1.00,28.17),(97,178,55,2.00,56.32),(98,185,55,5.00,1394.32),(99,184,56,6.00,37.42),(100,183,56,8.00,30.99),(101,184,57,5.00,37.42),(102,186,59,3.00,9.90),(103,177,59,6.00,154.93),(104,185,59,5.00,1394.32),(105,176,59,2.00,28.17),(106,189,59,7.00,0.00),(107,185,61,10.00,1394.32),(108,184,61,2.00,37.42);
/*!40000 ALTER TABLE `item_pedidos` ENABLE KEYS */;
UNLOCK TABLES;

--
-- Table structure for table `item_venta`
--

DROP TABLE IF EXISTS `item_venta`;
/*!40101 SET @saved_cs_client     = @@character_set_client */;
/*!40101 SET character_set_client = utf8 */;
CREATE TABLE `item_venta` (
  `id` int(11) NOT NULL AUTO_INCREMENT,
  `ventas_id` int(11) NOT NULL,
  `movimientos_id` int(11) NOT NULL,
  `precio` decimal(11,2) NOT NULL,
  PRIMARY KEY (`id`),
  KEY `fk_item_venta_ventas1_idx` (`ventas_id`),
  KEY `fk_item_venta_movimientos1_idx` (`movimientos_id`),
  CONSTRAINT `fk_item_venta_movimientos1` FOREIGN KEY (`movimientos_id`) REFERENCES `movimientos` (`id`) ON DELETE NO ACTION ON UPDATE NO ACTION,
  CONSTRAINT `fk_item_venta_ventas1` FOREIGN KEY (`ventas_id`) REFERENCES `ventas` (`id`) ON DELETE NO ACTION ON UPDATE NO ACTION
) ENGINE=InnoDB AUTO_INCREMENT=166 DEFAULT CHARSET=latin1;
/*!40101 SET character_set_client = @saved_cs_client */;

--
-- Dumping data for table `item_venta`
--

LOCK TABLES `item_venta` WRITE;
/*!40000 ALTER TABLE `item_venta` DISABLE KEYS */;
INSERT INTO `item_venta` VALUES (115,45,241,33.00),(116,45,242,24.84),(117,45,243,24.84),(118,45,244,24.84),(123,47,249,1229.56),(124,47,250,1229.56),(125,47,251,1229.56),(126,47,252,33.00),(127,47,253,136.62),(128,48,254,0.00),(129,48,255,55.00),(130,48,256,7654.00),(131,49,257,49.67),(133,49,259,33.66),(135,49,261,88.00),(136,50,262,0.00),(137,50,263,55.00),(138,50,264,7654.00),(139,50,265,998.00),(140,50,266,0.00),(142,52,268,24.84),(143,54,269,98.00),(144,54,271,98.00),(145,55,272,37.42),(146,55,273,28.17),(147,55,274,56.32),(150,56,277,37.42),(151,56,278,37.42),(152,56,279,37.42),(153,56,280,37.42),(154,56,281,30.99),(160,57,287,37.42),(161,59,288,28.17),(162,59,289,0.00),(163,51,290,33.00),(164,51,291,33.00),(165,61,292,37.42);
/*!40000 ALTER TABLE `item_venta` ENABLE KEYS */;
UNLOCK TABLES;

--
-- Table structure for table `lista_precios`
--

DROP TABLE IF EXISTS `lista_precios`;
/*!40101 SET @saved_cs_client     = @@character_set_client */;
/*!40101 SET character_set_client = utf8 */;
CREATE TABLE `lista_precios` (
  `id` int(11) NOT NULL AUTO_INCREMENT,
  `nombre` varchar(45) DEFAULT NULL,
  PRIMARY KEY (`id`)
) ENGINE=InnoDB AUTO_INCREMENT=12 DEFAULT CHARSET=latin1;
/*!40101 SET character_set_client = @saved_cs_client */;

--
-- Dumping data for table `lista_precios`
--

LOCK TABLES `lista_precios` WRITE;
/*!40000 ALTER TABLE `lista_precios` DISABLE KEYS */;
INSERT INTO `lista_precios` VALUES (1,'Lista 1 - Franquicias Rincon'),(2,'Lista 2 - Distribuidores mayoristas'),(10,'Lista Público General'),(11,'prueba lista');
/*!40000 ALTER TABLE `lista_precios` ENABLE KEYS */;
UNLOCK TABLES;

--
-- Table structure for table `lotes_mp`
--

DROP TABLE IF EXISTS `lotes_mp`;
/*!40101 SET @saved_cs_client     = @@character_set_client */;
/*!40101 SET character_set_client = utf8 */;
CREATE TABLE `lotes_mp` (
  `id` int(11) NOT NULL AUTO_INCREMENT,
  `numero` varchar(45) NOT NULL,
  `vencimiento` date NOT NULL,
  `productos_id` int(11) NOT NULL,
  PRIMARY KEY (`id`),
  UNIQUE KEY `lote_unico` (`numero`,`productos_id`) USING BTREE,
  KEY `fk_lotes_mp_productos1_idx` (`productos_id`),
  CONSTRAINT `fk_lotes_mp_productos1` FOREIGN KEY (`productos_id`) REFERENCES `productos` (`id`) ON DELETE NO ACTION ON UPDATE NO ACTION
) ENGINE=InnoDB AUTO_INCREMENT=25 DEFAULT CHARSET=latin1;
/*!40101 SET character_set_client = @saved_cs_client */;

--
-- Dumping data for table `lotes_mp`
--

LOCK TABLES `lotes_mp` WRITE;
/*!40000 ALTER TABLE `lotes_mp` DISABLE KEYS */;
INSERT INTO `lotes_mp` VALUES (1,'3333','2020-01-31',20),(2,'333345','2019-10-30',123),(3,'1111212','2020-02-28',187),(4,'9999','2019-10-29',187),(5,'Producto no trazado','2019-10-16',1),(6,'2222','2020-02-28',181),(8,'1234','2019-12-20',183),(9,'50710057','2021-07-03',188),(10,'12340976','2020-09-30',188),(11,'sin seguimiento','2019-11-21',186),(12,'123456','2020-03-18',115),(13,'5555','2019-10-31',119),(14,'1234','2019-11-29',5),(15,'88888','2020-01-29',5),(16,'66544','2019-10-22',5),(17,'sin seguimiento','2019-11-29',3),(18,'123','2019-11-11',185),(19,'123456789','2019-11-18',7),(20,'123','2019-11-20',7),(21,'12346','2019-11-21',189),(22,'12356','2020-03-06',184),(23,'2345653','2019-11-30',176),(24,'12222','0000-00-00',77);
/*!40000 ALTER TABLE `lotes_mp` ENABLE KEYS */;
UNLOCK TABLES;

--
-- Table structure for table `lotes_produccion`
--

DROP TABLE IF EXISTS `lotes_produccion`;
/*!40101 SET @saved_cs_client     = @@character_set_client */;
/*!40101 SET character_set_client = utf8 */;
CREATE TABLE `lotes_produccion` (
  `id` int(11) NOT NULL AUTO_INCREMENT,
  `fecha` varchar(45) NOT NULL,
  `base` text NOT NULL,
  `pasteurizacion_temperatura` decimal(5,2) DEFAULT NULL,
  `pasteurizacion_tiempo` decimal(5,2) DEFAULT NULL,
  `observaciones` text,
  `estado` tinyint(1) NOT NULL DEFAULT '1',
  PRIMARY KEY (`id`)
) ENGINE=InnoDB AUTO_INCREMENT=10 DEFAULT CHARSET=latin1;
/*!40101 SET character_set_client = @saved_cs_client */;

--
-- Dumping data for table `lotes_produccion`
--

LOCK TABLES `lotes_produccion` WRITE;
/*!40000 ALTER TABLE `lotes_produccion` DISABLE KEYS */;
INSERT INTO `lotes_produccion` VALUES (1,'2019-10-31','Chocolate',32.00,80.00,'  Se procede a fabricar base blanca usando horno nro1\r\ncontrol por parte de Pedro\r\nProblema con la leche.  Se soluciono agregando xxx\r\n          \r\n          ',1),(2,'2019-10-17','',30.00,80.00,'            Se utilizo el horno nro 1\r\nSe freno porque falta xx\r\nfjdsklfjas fdsjkflsafj sfjskl\r\n\r\n\r\n          ',0),(3,'2019-10-21','',15.00,30.00,'oryebafdsahjk}fdsa}dsa\nfdsajkfldñjfkadsl\nfdsajfkldas-fjdsakl',1),(4,'','',10.00,20.00,'',1),(5,'2019-10-22','Blanca',15.00,18.00,'Helado de frutilla \r\n          ',1),(6,'2019-10-01','',NULL,NULL,'1) Control xxxx\r\n2) se procede a .....\r\n3) Error en produccion, se cancela\r\n4) soluciono pedro',0),(7,'2019-10-21','',10.00,5.00,NULL,1),(8,'2019-11-06','Blanca',NULL,NULL,NULL,1),(9,'2019-11-21','Blanca',65.00,43.00,'Se crea para hacer americana, y torta helada',1);
/*!40000 ALTER TABLE `lotes_produccion` ENABLE KEYS */;
UNLOCK TABLES;

--
-- Table structure for table `movimientos`
--

DROP TABLE IF EXISTS `movimientos`;
/*!40101 SET @saved_cs_client     = @@character_set_client */;
/*!40101 SET character_set_client = utf8 */;
CREATE TABLE `movimientos` (
  `id` int(11) NOT NULL AUTO_INCREMENT,
  `fecha` datetime NOT NULL,
  `cantidad` decimal(11,2) NOT NULL,
  `depositos_id` int(11) NOT NULL,
  `observaciones` text,
  `lotes_mp_id` int(11) DEFAULT NULL,
  `productos_lote_produccion_id` int(11) DEFAULT NULL,
  `comprobante_asociado` text,
  PRIMARY KEY (`id`),
  KEY `fk_movimientos_depositos1_idx` (`depositos_id`),
  KEY `fk_movimientos_lotes_mp1_idx` (`lotes_mp_id`),
  KEY `fk_movimientos_productos_lote_produccion1_idx` (`productos_lote_produccion_id`),
  CONSTRAINT `fk_movimientos_depositos1` FOREIGN KEY (`depositos_id`) REFERENCES `depositos` (`id`) ON DELETE NO ACTION ON UPDATE NO ACTION,
  CONSTRAINT `fk_movimientos_lotes_mp1` FOREIGN KEY (`lotes_mp_id`) REFERENCES `lotes_mp` (`id`) ON DELETE NO ACTION ON UPDATE NO ACTION,
  CONSTRAINT `fk_movimientos_productos_lote_produccion1` FOREIGN KEY (`productos_lote_produccion_id`) REFERENCES `productos_lote_produccion` (`id`) ON DELETE NO ACTION ON UPDATE NO ACTION
) ENGINE=InnoDB AUTO_INCREMENT=298 DEFAULT CHARSET=latin1;
/*!40101 SET character_set_client = @saved_cs_client */;

--
-- Dumping data for table `movimientos`
--

LOCK TABLES `movimientos` WRITE;
/*!40000 ALTER TABLE `movimientos` DISABLE KEYS */;
INSERT INTO `movimientos` VALUES (1,'2019-10-16 00:00:00',100.00,9,'',1,NULL,'ING000006'),(2,'2019-10-16 00:00:00',5.00,9,'',2,NULL,'ING000007'),(3,'2019-10-16 00:00:00',100.00,12,'',3,NULL,'ING000008'),(4,'2019-10-08 00:00:00',50.00,9,'',4,NULL,'ING000009'),(5,'2019-10-16 00:00:00',-100.00,12,'',3,NULL,'TRANSF000002'),(6,'2019-10-16 00:00:00',100.00,14,'',3,NULL,'TRANSF000002'),(7,'2019-10-16 00:00:00',-10.00,14,'perdidos',3,NULL,'EGR000002'),(8,'2019-10-16 18:36:48',-17.50,9,'',1,NULL,'PROD000001'),(10,'2019-10-16 18:37:32',-42.00,14,'',3,NULL,'PROD000001'),(11,'2019-10-16 00:00:00',10000.00,9,'',6,NULL,'ING000011'),(12,'2019-10-16 18:39:57',-5940.00,9,'',6,NULL,'PROD000001'),(13,'2019-10-16 00:00:00',100.00,9,'',8,NULL,'ING000012'),(14,'2019-10-16 18:41:14',-5.00,9,'',8,NULL,'PROD000001'),(17,'2019-10-17 00:00:00',100.00,9,'FAC A0001-00056744 WALMART',9,NULL,'ING000013'),(18,'2019-10-17 00:00:00',77.00,9,'FAC MAKRO A0001-003452',10,NULL,'ING000014'),(19,'2019-10-17 00:00:00',5.00,12,'',11,NULL,'ING000015'),(20,'2019-10-17 00:00:00',-20.00,9,'',9,NULL,'TRANSF000003'),(21,'2019-10-17 00:00:00',20.00,14,'',9,NULL,'TRANSF000003'),(22,'2019-10-17 00:00:00',-1.00,12,'SE LA LLEVA NATI',11,NULL,'EGR000003'),(23,'2019-10-17 11:13:25',-17.00,9,'',1,NULL,'PROD000002'),(24,'2019-10-17 11:14:54',-42.00,14,'',3,NULL,'PROD000002'),(25,'2019-10-17 00:00:00',100.00,9,'',12,NULL,'ING000016'),(26,'2019-10-17 11:16:19',-1.00,9,'',12,NULL,'PROD000002'),(27,'2019-10-17 00:00:00',10.00,9,'',13,NULL,'ING000017'),(28,'2019-10-17 11:18:14',-2.00,9,'',13,NULL,'PROD000002'),(31,'2019-10-17 11:26:44',6.00,12,'',NULL,5,'PROD000002'),(37,'2019-10-21 14:42:59',-17.80,9,'',1,NULL,'PROD000003'),(38,'2019-10-21 14:43:47',-3.00,14,'',3,NULL,'PROD000003'),(44,'2019-10-21 15:31:19',-1.00,9,'',12,NULL,'PROD000003'),(45,'2019-10-21 15:47:02',-5.00,9,'',1,NULL,'PROD000004'),(46,'2019-10-21 15:47:28',-8.00,9,'',12,NULL,'PROD000004'),(47,'2019-10-21 15:47:43',-3.00,14,'',9,NULL,'PROD000004'),(50,'2019-10-21 18:56:11',-5.00,9,'',12,NULL,'PROD000007'),(51,'2019-10-21 18:56:32',-13.50,9,'',1,NULL,'PROD000007'),(52,'2019-10-21 18:56:59',10.00,12,'',NULL,15,'PROD000007'),(54,'2019-10-21 18:57:37',5.00,12,'',NULL,17,'PROD000007'),(55,'2019-10-22 00:00:00',100.00,9,'',14,NULL,'ING000018'),(56,'2019-10-21 00:00:00',77.00,9,'',15,NULL,'ING000019'),(57,'2019-10-21 00:00:00',877.00,9,'',16,NULL,'ING000020'),(58,'2019-10-22 00:00:00',-80.00,9,'',16,NULL,'TRANSF000004'),(59,'2019-10-22 00:00:00',80.00,14,'',16,NULL,'TRANSF000004'),(60,'2019-10-12 00:00:00',10.00,9,'',17,NULL,'ING000021'),(61,'2019-11-11 00:00:00',-8.00,9,'vencido',13,NULL,'EGR000004'),(64,'2019-11-18 13:51:39',5.00,12,'',NULL,20,'PROD000001'),(65,'2019-11-18 00:00:00',6.00,12,'prueba',18,NULL,'ING000022'),(66,'2019-11-18 15:24:35',8.00,12,'',NULL,21,'PROD000001'),(67,'2019-11-18 00:00:00',-3.00,12,'salen',18,NULL,'EGR000005'),(68,'2019-11-27 00:00:00',-1.00,12,'bb',18,NULL,'TRANSF000006'),(69,'2019-11-27 00:00:00',1.00,14,'bb',18,NULL,'TRANSF000006'),(70,'2019-11-18 00:00:00',56.00,9,'nn',19,NULL,'ING000023'),(71,'2019-11-18 00:00:00',-7.00,9,'yyy',19,NULL,'EGR000006'),(72,'2019-11-18 15:29:02',-8.00,9,'',19,NULL,'PROD000005'),(73,'2019-11-12 00:00:00',8.00,9,'99',20,NULL,'ING000024'),(86,'2019-11-21 09:23:32',-6.00,9,'',17,NULL,'PROD000009'),(87,'2019-11-21 09:24:11',-12.50,9,'',1,NULL,'PROD000009'),(88,'2019-11-21 09:25:26',3.00,12,'',NULL,22,'PROD000009'),(89,'2019-11-21 09:25:31',1.00,12,'',NULL,23,'PROD000009'),(90,'2019-11-21 09:25:36',5.00,12,'',NULL,24,'PROD000009'),(91,'2019-11-21 00:00:00',34.00,9,'',21,NULL,'ING000025'),(236,'2019-11-22 00:00:00',1235.00,12,'',22,NULL,'ING000026'),(237,'2019-10-07 00:00:00',3466.00,12,'',23,NULL,'ING000027'),(241,'2019-11-23 20:22:00',-10.00,12,'',22,NULL,'REM000045'),(242,'2019-11-23 20:22:26',-5.00,12,'',23,NULL,'REM000045'),(243,'2019-11-23 20:22:26',0.00,12,'',NULL,20,'REM000045'),(244,'2019-11-23 20:22:26',0.00,12,'',NULL,22,'REM000045'),(249,'2019-11-23 20:37:45',-2.00,12,'',18,NULL,'REM000047'),(250,'2019-11-23 20:37:45',-1.00,14,'',18,NULL,'REM000047'),(251,'2019-11-23 20:37:45',-7.00,12,'',NULL,21,'REM000047'),(252,'2019-11-23 20:37:46',-4.00,12,'',22,NULL,'REM000047'),(253,'2019-11-23 20:37:46',-4.00,12,'',NULL,24,'REM000047'),(254,'2019-11-24 17:13:59',-1.00,12,'',NULL,24,'REM000048'),(255,'2019-11-24 17:13:59',-6.00,12,'',22,NULL,'REM000048'),(256,'2019-11-24 17:13:59',-1.00,9,'',8,NULL,'REM000048'),(257,'2019-11-24 17:18:46',-1.00,12,'',NULL,15,'REM000049'),(259,'2019-11-24 17:18:47',-2.00,12,'',22,NULL,'REM000049'),(261,'2019-11-24 17:32:38',-4.00,12,'',11,NULL,'REM000049'),(262,'2019-11-24 17:49:55',-5.00,9,'',21,NULL,'REM000050'),(263,'2019-11-24 17:49:55',-4.00,12,'',22,NULL,'REM000050'),(264,'2019-11-24 17:49:55',-4.00,9,'',8,NULL,'REM000050'),(265,'2019-11-24 17:49:55',-1.00,12,'',NULL,21,'REM000050'),(266,'2019-11-24 17:49:56',-1.50,12,'',NULL,15,'REM000050'),(268,'2019-11-24 19:14:11',-4.00,12,'',23,NULL,'REM000052'),(269,'2019-11-25 11:27:08',-5.00,12,'',23,NULL,'REM000054'),(271,'2019-11-25 11:27:44',-5.00,12,'',23,NULL,'REM000054'),(272,'2019-11-25 11:38:41',-2.00,12,'',22,NULL,'REM000055'),(273,'2019-11-25 11:38:41',-1.00,12,'',23,NULL,'REM000055'),(274,'2019-11-25 11:38:42',-2.00,12,'',NULL,15,'REM000055'),(277,'2019-11-26 11:41:44',-2.00,12,'',22,NULL,'REM000056'),(278,'2019-11-26 11:41:44',-3.00,12,'',NULL,5,'REM000056'),(279,'2019-11-26 11:41:44',-1.00,12,'',NULL,17,'REM000056'),(280,'2019-11-26 11:41:44',0.00,12,'',NULL,23,'REM000056'),(281,'2019-11-26 11:41:55',-8.00,9,'',8,NULL,'REM000056'),(287,'2019-11-26 16:27:20',-5.00,12,'',22,NULL,'REM000057'),(288,'2019-11-27 15:03:54',-2.00,12,'',23,NULL,'REM000059'),(289,'2019-11-27 15:03:54',-7.00,9,'',21,NULL,'REM000059'),(290,'2019-11-27 15:08:40',-1.00,12,'',22,NULL,'REM000051'),(291,'2019-11-27 15:08:40',-2.00,12,'',NULL,23,'REM000051'),(292,'2019-12-04 17:05:14',-2.00,12,'',22,NULL,'REM000061'),(293,'2019-12-05 17:53:34',-2.00,9,'',1,NULL,'PROD000005'),(294,'2019-12-05 17:53:45',-10.00,14,'',16,NULL,'PROD000005'),(295,'2019-12-05 00:00:00',10.00,9,'',24,NULL,'ING000028'),(296,'2019-12-05 17:54:34',-3.00,9,'',24,NULL,'PROD000005'),(297,'2019-12-05 17:54:44',10.00,12,'',NULL,25,'PROD000005');
/*!40000 ALTER TABLE `movimientos` ENABLE KEYS */;
UNLOCK TABLES;
/*!50003 SET @saved_cs_client      = @@character_set_client */ ;
/*!50003 SET @saved_cs_results     = @@character_set_results */ ;
/*!50003 SET @saved_col_connection = @@collation_connection */ ;
/*!50003 SET character_set_client  = utf8mb4 */ ;
/*!50003 SET character_set_results = utf8mb4 */ ;
/*!50003 SET collation_connection  = utf8mb4_unicode_ci */ ;
/*!50003 SET @saved_sql_mode       = @@sql_mode */ ;
/*!50003 SET sql_mode              = 'ONLY_FULL_GROUP_BY,STRICT_TRANS_TABLES,NO_ZERO_IN_DATE,NO_ZERO_DATE,ERROR_FOR_DIVISION_BY_ZERO,NO_ENGINE_SUBSTITUTION' */ ;
DELIMITER ;;
/*!50003 CREATE*/ /*!50017 DEFINER=`root`@`localhost`*/ /*!50003 TRIGGER `actualiza_insert_movimientos` AFTER INSERT ON `movimientos` FOR EACH ROW begin
DELETE FROM saldos;
REPLACE into saldos (select productos_id,depositos_id,sum(cantidad) from vista_movimientos group by productos_id,depositos_id);
end */;;
DELIMITER ;
/*!50003 SET sql_mode              = @saved_sql_mode */ ;
/*!50003 SET character_set_client  = @saved_cs_client */ ;
/*!50003 SET character_set_results = @saved_cs_results */ ;
/*!50003 SET collation_connection  = @saved_col_connection */ ;
/*!50003 SET @saved_cs_client      = @@character_set_client */ ;
/*!50003 SET @saved_cs_results     = @@character_set_results */ ;
/*!50003 SET @saved_col_connection = @@collation_connection */ ;
/*!50003 SET character_set_client  = utf8mb4 */ ;
/*!50003 SET character_set_results = utf8mb4 */ ;
/*!50003 SET collation_connection  = utf8mb4_unicode_ci */ ;
/*!50003 SET @saved_sql_mode       = @@sql_mode */ ;
/*!50003 SET sql_mode              = 'ONLY_FULL_GROUP_BY,STRICT_TRANS_TABLES,NO_ZERO_IN_DATE,NO_ZERO_DATE,ERROR_FOR_DIVISION_BY_ZERO,NO_ENGINE_SUBSTITUTION' */ ;
DELIMITER ;;
/*!50003 CREATE*/ /*!50017 DEFINER=`root`@`localhost`*/ /*!50003 TRIGGER `ad_mov` AFTER DELETE ON `movimientos` FOR EACH ROW begin
DELETE FROM saldos;
REPLACE into saldos (select productos_id,depositos_id,sum(cantidad) from vista_movimientos group by productos_id,depositos_id);
end */;;
DELIMITER ;
/*!50003 SET sql_mode              = @saved_sql_mode */ ;
/*!50003 SET character_set_client  = @saved_cs_client */ ;
/*!50003 SET character_set_results = @saved_cs_results */ ;
/*!50003 SET collation_connection  = @saved_col_connection */ ;

--
-- Table structure for table `mp_lote_produccion`
--

DROP TABLE IF EXISTS `mp_lote_produccion`;
/*!40101 SET @saved_cs_client     = @@character_set_client */;
/*!40101 SET character_set_client = utf8 */;
CREATE TABLE `mp_lote_produccion` (
  `id` int(11) NOT NULL AUTO_INCREMENT,
  `lotes_prod_id` int(11) NOT NULL,
  `lotes_mp_id` int(11) NOT NULL,
  `movimiento_id` int(11) DEFAULT NULL,
  `id_lote_prod_terminado` int(11) DEFAULT NULL,
  `cantidad` decimal(11,2) NOT NULL,
  PRIMARY KEY (`id`),
  KEY `fk_items_lote_prod_lotes_prod1_idx` (`lotes_prod_id`),
  KEY `fk_items_lote_prod_lotes_mp1_idx` (`lotes_mp_id`),
  KEY `lote_movimiento` (`movimiento_id`),
  KEY `lote_prod` (`id_lote_prod_terminado`),
  CONSTRAINT `fk_items_lote_prod_lotes_mp1` FOREIGN KEY (`lotes_mp_id`) REFERENCES `lotes_mp` (`id`) ON DELETE NO ACTION ON UPDATE NO ACTION,
  CONSTRAINT `fk_items_lote_prod_lotes_prod1` FOREIGN KEY (`lotes_prod_id`) REFERENCES `lotes_produccion` (`id`) ON DELETE NO ACTION ON UPDATE NO ACTION,
  CONSTRAINT `lote_movimiento` FOREIGN KEY (`movimiento_id`) REFERENCES `movimientos` (`id`),
  CONSTRAINT `lote_prod` FOREIGN KEY (`id_lote_prod_terminado`) REFERENCES `productos_lote_produccion` (`id`)
) ENGINE=InnoDB AUTO_INCREMENT=35 DEFAULT CHARSET=latin1;
/*!40101 SET character_set_client = @saved_cs_client */;

--
-- Dumping data for table `mp_lote_produccion`
--

LOCK TABLES `mp_lote_produccion` WRITE;
/*!40000 ALTER TABLE `mp_lote_produccion` DISABLE KEYS */;
INSERT INTO `mp_lote_produccion` VALUES (1,1,5,NULL,20,180.00),(2,1,1,8,NULL,17.50),(4,1,3,10,NULL,42.00),(5,1,6,12,20,5940.00),(6,1,8,14,NULL,5.00),(7,2,5,NULL,NULL,180.00),(8,2,1,23,NULL,17.00),(9,2,3,24,NULL,42.00),(10,2,12,26,3,1.00),(11,2,13,28,4,2.00),(16,3,5,NULL,NULL,20.00),(17,3,1,37,NULL,17.80),(19,3,12,44,NULL,1.00),(20,4,5,NULL,NULL,10.00),(21,4,1,45,NULL,5.00),(22,4,12,46,NULL,8.00),(23,4,9,47,NULL,3.00),(24,7,12,50,NULL,5.00),(25,7,5,NULL,15,30.00),(26,7,1,51,15,13.50),(27,5,19,72,NULL,8.00),(29,9,17,86,NULL,6.00),(30,9,5,NULL,NULL,7.00),(31,9,1,87,24,12.50),(32,5,1,293,NULL,2.00),(33,5,16,294,NULL,10.00),(34,5,24,296,NULL,3.00);
/*!40000 ALTER TABLE `mp_lote_produccion` ENABLE KEYS */;
UNLOCK TABLES;

--
-- Table structure for table `productos`
--

DROP TABLE IF EXISTS `productos`;
/*!40101 SET @saved_cs_client     = @@character_set_client */;
/*!40101 SET character_set_client = utf8 */;
CREATE TABLE `productos` (
  `id` int(11) NOT NULL AUTO_INCREMENT,
  `codigo` varchar(45) NOT NULL,
  `nombre` text NOT NULL,
  `marca` text,
  `precio_costo` decimal(11,2) DEFAULT NULL,
  `lleva_stock` tinyint(1) DEFAULT '1',
  `stock_minimo` int(11) DEFAULT NULL,
  `stock_maximo` int(11) DEFAULT NULL,
  `punto_pedido` int(11) DEFAULT NULL,
  `unidad_medida` varchar(45) DEFAULT NULL,
  `imagen` longblob,
  `tipo_producto_id` int(11) NOT NULL,
  PRIMARY KEY (`id`) USING BTREE,
  UNIQUE KEY `codigo_UNIQUE` (`codigo`),
  KEY `fk_productos_tipo_producto1_idx` (`tipo_producto_id`),
  CONSTRAINT `fk_productos_tipo_producto1` FOREIGN KEY (`tipo_producto_id`) REFERENCES `tipo_producto` (`id`) ON DELETE NO ACTION ON UPDATE NO ACTION
) ENGINE=InnoDB AUTO_INCREMENT=191 DEFAULT CHARSET=latin1;
/*!40101 SET character_set_client = @saved_cs_client */;

--
-- Dumping data for table `productos`
--

LOCK TABLES `productos` WRITE;
/*!40000 ALTER TABLE `productos` DISABLE KEYS */;
INSERT INTO `productos` VALUES (1,'7790895064647','AGUA BIDON x 20lts','',0.00,0,0,0,0,'litros','',7),(3,'3','CREMA DE LECHE x 10 kgs. ','SANTA MARIA',0.00,1,0,0,0,'kilos',_binary '\\\0JFIF\0\0\0\0\0\0\\0C\0				\r\r\n\Z!\'\"#%%%),($+!$%$\\0C				$$$$$$$$$$$$$$$$$$$$$$$$$$$$$$$$$$$$$$$$$$$$$$$$$$$\0\0\\"\0\\0\0\0\0\0\0\0\0\0\0\0	\n\\0\0\0\0}\0!1AQa\"q2#BR\$3br	\n\Z%&\'()*456789:CDEFGHIJSTUVWXYZcdefghijstuvwxyz\\\\\\\\\\\\\\\\\\\\\\\\\\\\\\0\0\0\0\0\0\0\0	\n\\0\0\0w\0!1AQaq\"2B	#3Rbr\\n$4\%\Z&\'()*56789:CDEFGHIJSTUVWXYZcdefghijstuvwxyz\\\\\\\\\\\\\\\\\\\\\\\\\\\\\0\0\0?\0;\0\uI5]C\\7\r%\y\0`|\ڮ\x3\V\rhc\\\\;}*\\EX\J\U\M0>H1M\0ϟ=i\7\"\qSƛ\n/)\ymZ:mlj\"Cүؚ@E\0CΙgIJ\Z\0H\MÎy۫o[1o.3rE}L\]\'Ot?\Ux~xZ|=lrS\\~+@8\jҏi-.Ts\nޝ)\GԞh~}s\gu˖ӧ[\0\"pp=#\E}s>\<\\\\	\"Ե{b\\\0\GV{h\=\Ԧ>\ʽE\S,eZ?1O>\	|Q\ oFK\K`\rfx+BR񦏦˽K\E\\H7\v\rW\!(\qPxSI\\\i\{ ƫ\0Fq۟1\\WK7\\R:\T\TZgx?kɞiй\\Yc\ͺY[噉\ް\Dnۧ\+\\FRg\ӣS7ȏLg\|\0e\0[\'=zL{uǏ<)h\r\yu\\\7DT\'kPNzJ\-\0\\\\\\\\\\\\O9\~[2NNt}6\CN\ԶzΝ+K_\_F\YL4Wŷ\Gi{41JdE8V\2?3\Ey\P\\Yк~\)\\N\+_ͤ\\\v6\\.\\\I:V\nʸ(#Fo-\[Ψ	\\A\\=6\$b\F+.\<\\aR\\pҸ\hRT\'\Mr\9GE\\\ݚv\SV}ߏf.\{9%_\N\psM\qM4E\\m\s\I.OJ\<B/7\n\\\R2?°\Ĩ!\\\j\\;ƽq\AhH?W\0>\N?\E\zH\3\0T\GO	%)өE(|N\\Gӟ\}-\M\v\rz\?Պ\N9W\'Ĩvb(n7g\*};\\r\\%\\8\O+\5\y\0Z\\d?\o[` $ݻ\!\'ī2I\Z\\\O&+\\\\o\5Z\\0*\Oě\\q}\\0\Ui>$Gs\r\_pz\\\l|Իt\gh\-\͍՚o\n,7c<\q\q\\\z7\\OE\zvcXF\Zp1\u<䊨;4\.7ўS˗z|bD1\r;9\0&V+\0\\^\ո\no$Zx?m\0Ez3\כ攌a\ӏ,\:o\6\n\7!\,\0|\;uNH?\\0sI\\{t%*\zH9sx\A?\kr#\ng=O(\A?\r\\w\Z)}jr#<xP8O\\?,Gү\\r\w_N?Zş0U济\s\{9JVu\E\\\],\J\0wďu{%^\h#\95\\T>0fwເޞz=H>\\C\m\\\QK\\\Ǯ:Wx)t\\L\0\\\\!?Ƌ 8\r/\fuyXH;AS\Az@Lk\\:\\?UoxW8\\?%?ơ\\\\KR#\'\R\0Y\?tx\ru\/\VW\\r\'^ӽ\0\h\@\9{`~1?\_i\?t\~C\w\0_\?;?\?ʕ+r|=ӉQֹ{\0\rIap\ym׎:\w\'\\0GF\F?\U\\<t\0G\0@+[x`KEѐ\As;\U[s0>[\0;fK\kӏh[\2O\kzy\0t;0ԭ\0\rf\GaTm\\~\0;{\~0\,[\?\\T&ۂ\\\U-S_])cֵU\5P\$TeL;s\CKk\r\gҽOmi:}j\~\\nkwlt-#WؒS\\\\0F6?\+\r\P4wG5]nI5lO\r8\\A\{\0\Z-\0?3\\QPM\!yqJ_\n\(K\8J\k\b\\\\\0\Z+6MHF\m\EY\v\\\ޙNZ_$\r5\\\ZXA\+V7<_\!\\O\J\:ض}\>Χ嶏2\nP<<bai\Ϝs4Y\Gؠ\#ʀ\E\ \\\\{Ӡ\\ю\0.W\0\'4\ǈײ=d{\\\O\\R/ùcUk(3\;\n@y\r\\\Wpb# 8EemWOL\rC]R)ʏZ)?\R\)\d\0f5^W?+\:\\\\7\\+\\%>]\\+*Ek\ˑei%v~{k8-E\ZO|T*č\\j_\"+w*\: uSNk\'ۂkt\9k?Gğ\r\\ƃ\\\\Pq\?{=\]m7A?\_9^B\5O\r]6&!L\H\2GJ+_bKyy\<:\0\5\\\ҭg\q\\*RPwmW3%|d\i\0\0ڧ7\\9{h\J\o>Ksq3\Y\?\%qה\Lrd\[o^:V\Q\N/\a}\\\%9ɾ:\\n_e\0E?M#\7\m\K|(8h\\'m\x\\*\rnb \z\Zn\8\s8aOǤ,\\nMlґ\sF\8\p8\I7\v\{nrG#_\)״{\aixFܘ\-nuG`\\5F~4?\'u?v\ɮWLs탅NG\\W\1l<Kr@Q7CVp\V\0nq{D}|5\;\\\\0<3݌\\\"^|wè\#\\0ϜEOԧ\X\\eE|\0\\\5\\0Q\M(ϥEW\jwA\\`=\>7|A`A\%S㛑5\0p\ T\>lga \\\xŲ[\\O\5U\^ n5\V`xėr0MP}Ü*yPz\d\x@ɺ\\|\[_\k\YmұX\мv+9=\ş\g~l\\\"\>m\\n8dUI\00?|I5cO\n[\ly\gm\Zu\'S\M?B:\-7\޳\\rb-\'Bѭ\BKOq!E\@\\=H\\XI\9PYU>lu\\7o\(Ps:\싟\\\A\Y\x%G\MpUqr6)^څW[C#cֵ\{RB\^2v!\\\MYӆ1[ÁJ\\R\;\mx\gtj	\=\5«V\b]ڋ4Y\\Af\s\\AA\n;m\h8\r\\\\\yw\(%Iu`8$\Z£\E\+\\\w\yJZi7y\b\嘎OJ\\snySt\1[¶=\\\h>e\8U\Nx5mo}2\7\\R\hW\%݆,OO.8JOtdjqyG\/sd\>P(7\	~\i\)rW<9CQZE*s\>\{\-оà\Z\\\l\9߈t?aoT\\ƻ`s$~\?z\\s_.x\ᧈuU/hͶ+\r\\\\>\k\49\\Ǥ^ݪ]ۤ.[ sӇ\\tDҵ\H\\RF>a^sJy&f\nw,=\0ԬbQ@\`.\\澅a*վg{;8=\\w\0y\"_\ʹ\q?x\05\Gm>E\\0r-\a򀊫7|B\o/rz+8*}ZDO:hxAgoMxהּ\=MΛo!?RS?1|5?grne#p?JRՏ@y{\|\sA\^\?v\n\\\/\\0j+\=\\0:vϬ\wm \_k\\0~lz\-HJ:\XY\Z{K@\\Y3`V\-{\2\\dE\k\\Y\=蔌\1g\ӭaR!*ދ]*դ\G;dEf\\\оwx\"И\u	W]GT\nw\N:\r6\F\O\\?JG\f \n+be=\F\+\v\I\;\ wvG۹F\0A5\\\\[ȷD\\\0CT幎&2=\J\\º:\NG\]U\rcD\u-O7O\S5\><vZKK;R`qC\W]|5\Q\KNoZ3ҵ\;ir\\Iq\R\c\r\\e#c\gv90_\w\0φHFYiz3`\Weg}2r\r^M¸[+%\0\\\\\\ﭭD-\[.w׎w\\d1\\>\\a\04\- U\\0O\0/Bk[TdD\\4\`A\0qך߈,B\ƞ\!\Aɉ:\\\ߏRNQ\.gUMc\7D\⍼=^sEs\;R9\Ebh}}\|ǻ&e\:\]5du+\^i\jZ16\\0\0\~\"f\\Oh\q&j\~QOdY*qQ@\vȩ<_^\rh:ާ)\$dx\kEJ\O*>q\\|\`~\\"_\:\0jvN$pF\6\h\'\Bhvoo^Ag>\\\0=Ȯ\n\\~&?xE3ɬ\\I/\F\2\p~^G5\,EZ\\\g`h\|k[\\	4\\<md+}\L8\'#\\=~x\NmWBy\'h\\F\\OCC^#a\X\\e\мFN\wVhi\'1͏ƙ\\v𭾤t[\J\\B-\ܐ@FǞ}QՅ\95FM\'\ba,\0\,\mgB#Z\@;l\+|A-ƥ\+\񵾒\4AgQ@]~\\[\ 7$t\Z7<>yz]픢ͱ#y[\}ع\osZf2+\\\<	?c]^\;hA\r\A8©==+sPIux{T\_UXI\\_8\\\\n\+F\/\r\m}˨Ek\\)l\H\1zW\>\nݨ\˽v\ZE[LJDX\Z\\i?\a\MJU\y}\Ǥ\\0!_\\v!\0з\[^\$:$73*\̼&l]\\\y+˖\"gʊ\ZC\Z\\Z*\"*Q\F=jf\\\j\\+Jy6F*yOZWqx\ g<Wξ\'7)\%\r\W\Te6=k\G \y\\仳\%\0\z9\\I\\\FRU\f&\\P\\o\}{\\|\\Z\g`0\rg؎_Fԇ?W,r2\\Yş\\LZ|:<zF\{#\\0ϯOZ\?x\E\:A\?\u\t)ŗ΅j\\0\(\B\F=\5\J\.f\C\VGi_^MsD{I@%%H\0@+\޸\\]\\^]\\\9%Ȍc\nzL9\ˀ\iY+h\n?\r߭z~Y\\%ԥp\\\G8\0*\J*r\ݘէ9\=ֱ\藭iuN\n+U$~ZQ\\"ĸ\o\+\;K?\\w]M))<\\\*\nq$c\_-\_`ӥ\\Z$\\|\\\\u]:\><\!Wq\\0z/:q8\\\\rHҁjҜ϶qȫ\W\ӗ񆧩iwн\\\\0\\\\xQ%KX:\\n0\ç#Kn#1\\ZH?#Xѯ3^\\G\^f#\rss?\Z\\\\<Ě%ɹ]_\-ຑeS+pϕ;\\'\k\\`\\"\Z[֪\;ĮI s\&/k3\\\,YAʹ߅Zl|ip;l\0YF>\0^F\r׏K$ZO\=F\\P\@3A\"\B\F\p#*\}9k{Wi!`\\'\\\\\?\n<E9Ŕ\RkZ\\@5ńD\?![}o%h\Ū_\!Լ?^-Ҧ\Ϸy\y=kG\+kk(m\\8\e\\0<t_\Z|[~\}{tGP\UO\3\曡i\6\\$%\K\\=i\)UpNd\ˎI\j3:\[`\4\,\\0\ɮ$<\ZY\\`i序\[\Y\\+\pw:l\Y7S_\i\Z2,Opp܂1\\q\\\'A\i\R.Bgާ\o1$Ct\U-|<h$\0xڃq\\\0\%<\9\y\n$\\GT[KBZ%O\ni\\\.m\!S.\'\07o\/\p\?\Q\xvbM;Y\m\\\~\\I(iQ3@»\X\\\\ \\\\\02\Iam\[\uR\Jܤ-\H+7\\Q?34\oh\sFYPH Rp3%y\\I/Foo<d9#$-QU\0\0f\k\r\[E|6>\gIY\\U\\\n\\\:%;0 q\\+\\>{_!y[\5\O\w^:7\v\J#\@B\,\SV:\h{v\h#bx\\\\Km\0krz>d^G={\\¼9r\jz\Ř:i~çmB%\f\ΤS!\ f?\jVg\\'\쥞(\\\x<\\C\\\\qN3^m6\%w/\ \\vyu\\r\z<\\\t5xO-E9U%8\{\MJkE{zի\Zm);xG\\\'zZ4Z\\x5\G9N#,\\\oc\c:\\\[E\0	+YT\s)Q\g\e%φ҇E0\H\\5h>\\\1\H\0U1<jiq5ݎ*\n\\\\\\e\\%\\3XoE$h\J\xv\-!{+ԵY2siFzorNs\kk\\ZX\6ֱ\w\Y414\Z\7mVRNJ3J\>\\Kckq*\\\Z\\6jͶ$Sj倥 \N+Y/|/G\:\/l.ŻX۸eo1\J\쎃\A+\ȥ^̾/\\6/m\\\w\\}c`u\c\	G\rt\\\ZK\\\no1\\MlI(1\J\\\\\\m\Z^\}\Z\$h\AUS\mP\y5\3\\0R\\W2]\fʒc4PWQ\}b)nd;\WWsi^Xh\\ikI*2\RZ\Yh\\K(\0!fk؞R\}b\'q]\\v\\\\/\n\\c]OID\	y\\\du6,0C1(¤jW\R7<!]iR6uD]]\'JEQē!]ą@F3]\F\\\\\\" \r̓P\\3p t\J\$<\IjgU\YЯ!\Yψ,46PH\\ҹO\ZM\]\t\.\r\>\\۹\^s&uL\\\\\ن˥Sߞ8\\\\rY\:n\\\\a\y\9\'\>XE?/S\kmVP\]$\]OBk\Z1ZqM)\XyFgXN+(\h\1\P\n\Rn0f\QW!8\\j6\\\=j˫BW&J\0\QO\0UJK<z\]CN\c+F2Ȼ\_\5~\\\\ӟ\\T\m!k벓|ɘ\\h=n{/Z\I-ER!\+\0ׯgqJ\\\\a\K:z\;\>7P׋*\\0\G\Z\\vFT\ \_S,%<]ͿF|\\\U\\Ix\nH\\Xd\'gdj\3tpp&\ѻ޶|N\Z|Z\ZhSA\cm8\\\!U\\\'\{2\'\\}o$+%\\95+ZvlNtw/\r+\"iQE%k/4j\TY#\	smbecs;d\\2\Nt\ұ\0b\޹[XX\\0eTy!\9\\n\W\y>򣟏\Z5\B=7\ZqgR\t*Sk3\9\'$u\r\3m\ \\P\v\*6`\0%p;\>x/\\KV{򥕙\"\"f[Y`\\"9u9\7֗\\߫^\j\\L\d\8`c5\\Z#=\n\P\$K\=y# $id5\x{^__\}i\srٲPo$\q\\\\]]Jy\(\㭑̱\\"G\Z)fw8\nROa^-\ߊRjFM;B\\d\\\{>\ C\\gf^\r)\\r9on\\1\\Vj\\1x/r\\\TYnF\a\{ pFs])C\(\#\r\\m\KԵTM\Qk\Zb1\N@hsz<\I0㎠+U^U&\D\\\|%\f\0\\oJ؉gpFx-\x\m%\'Tbm<Һ\rrlA\W\?|y\'#եE#B\Wy~S\n\3V툎|y@zբ\"\'=\5qt\\qaY]>\\cei\F3\3Yt_\r.wp@\Z\s~Liɡk\@w\0\>\'\	\0\\WE\y\0I\0\\~\"\\0,T\Z \\H\\Ѽ$P\0_C\0\-L$j)\\\#Pd6\\H,\\w_v\)a5\Ps\ZZmQ.\\\r&r\wkԼK9\\+C\iF\vHB7F\\zc\q;G\"e8 ײ\^\\o%k@}GP=\\\z^k\E.\K\G\_\W\eՠ\>sBns\0\>|Tb\\> pr9M\Z\N\\"m6֩Y\7wo\J\0*s@\9\\\V\\ \$%4\>\{QE\&O\Q\}RN\\v\O\0f\"\m>	Mb\n\72I\q\nˀJ}\HF{\\\\5kF쏌l$w.~4N\.MH;%2GTQAwu\?i\\\=\\&?fG\\-Ps#\e\,\)u-\y\r\cY9v]I8\0\\'cIi(Ƒ\s,kh\h\0($\#96\\0i2d?\\q\\$\\0\[1\e|aFcHȭeYޫA`?F5TĆ7\M2\i\|\\'\â a\$O|G/\MzL-/C;\a\\;u\p:>9xJ${`\!\\pN;\v5\KJ\W{ct`\WaLq\'\Unq\5$p$d\<״\\<U#\c\\tY\\.o2\]\\|\ysI\0⸤Yu\j_\g($\\OүM\w	D\Z`\d=awl`t\H_t\\*ZcL{^\\jC\|\\B֦=\\Q\* \\Ci<\B\䉂\E`I\\\y\k\\Ht;1m\ZS\7r}k\:\)9\߅xRZX\"\SAM	#?\ܧ\\q\}F\\\Z݅\\es-lg\zχ~!jQ\X/?v\0\JIX\D\kc\0M\r\0\Cj\^4˘+~7${?~/2j\\k%D8\V\\\\9S\+-ݣ\E\\\0J\\/\Dy|\f\\-P6\6 tY(T\n\n\0:\\0\HUslF>)j))j\ZMiH\Tc\\\袽cOYm\\*\0wȯ*\[\~\֐:\\0\ڃ\~2Io\}p\0\"h)juMNU8\\I\?q^C\4~,mKCh\uP35	1\0\x\\\I[g3r\r:\L\W)ʸ%Xb+h\i\ʏuS\jvs\\\?q\;\85N	\4\\pI7/\;jsV𥦱hm5kmRג \>\\_|31}&\El|\A\|\\0\u<\\Z\xۢZ\Z\4le\rɌ\\\p޹=j\W\MEc\Z?\"(,6I\nˌ-ǮM>~\jknE38+\ngG\\\\\\\\zy3K\q7\\ओ9u&\[.[.鼦h\Z~S\.\\\0\\\0\n8k7T apB\"o\u\^5c7uv2i8\0pG=	\\\MO*Eu|`%<\aէ\RKKU^kybHԨ$c8\^8WG|u\?\\4\'\0~c\\7\Bn7Ku)BD\\\9C\'\V\\P\^~̺㺍O^\\\~ί;lλ}w|\\\a\\\Ɍ{ox\G:{;0^\{\;Vd\	n]עh?Y\\֠hI2=\O{\\=\n\\^eۜem\Uݎ\\d՗X%ҹ\?sb3jjߙw\h\\\\Z5]\ܰ\y\z\n[ZX\\0g\\PI\\NI>5=\\	\?+W\-\Ϙs\ƽMx3\\ާ(%dM\Gi\\wl^W\]_]\\~ ԯ=2\\[鶤\0$xg\䪗\\l\\s`\l\O\h|qz]6\S)g\;\08\\+R\:\|UsY\1NƽS5\ \v\9B~O5\\6U#T\\[b6F\>a-\vHr\Zqq Da\\\\ҍx\\%\\A\0l\`վig\k:8\0[y$}~b\L\v-+Y`\x}Y<\\.\B~#Q\{E*\y`>b9\+\w\h\>\\E \0\\N\\˹,\u9\\"8xYU{9v24-,\\Z\0\6,V\"\\a=\}A\E\\rQb]\"쵹`\)0\z\\ǶԮt][\0\2\C]\G\\\>]K$c\\\\zI	zKP?=$ލ\O]kC?\\H:\\\r\0׮~\\\Z|q\\\q}\0\wj[L\\pN}\6dA\\\\Ý)\\[t}Q&\7\\X\0<(\d$~-\%p#\r&\h>ƚm \Ƿ?\YWA\ʟFR*QD\ЧvS\0-mW{0?\ƘuXm\}+g\\\V86\c{5\\aS\05^[۠\KYXR\$*\0Z$\S³\\\}!\0us#~C֚\I*d\\n~f3K_\>k\vgl\\n\\\0O[\E\0ba\7\QAmmiڪ \0\ĊȞ}_S\N	\0\\=\t=6_5w\ݎLҐ\\}DHk\ \\\Zv\\\=OҸoNR8.}\0@	{\Kt\\riVǃ9C\=O\W	d\Z)Ox{\\\\r\H\Iɫ\Zt?h\s\'VsϦF\j\1\Zv\'\\"s8&2Fx\\\[B\&ܟo\\n=\s\\ֶ4.<\;Ocq\GN;\f\:WMh\Z\-u\l\6\r\ZN!`ˑS\%g\\=*\\Q Y\n\(h\}\\-s\w;g\\\=\#k~\"\-BkY\Cl\2BE\I\nȱg8d2+#8\\V`z׾ԣ+Q˖l\$;-j\f&UN[F@\ޜNz^\Gҵ(/-#˔sʐpTG \\\\$\Z2B+\/|Ex\O\YTy\lxF\,8 p\ȮE\\Z*6>]\&]\x\\3Ձ[ϟ8Fy?o\\67*.B\\l	c\2qC2?nI\\L\#\\N\\;ߵ[I#Dd\0:\8+KN\\hGB	RX\2.<\5ܩVx\\c3#cG?SPm\5\x\s\6wK\V?\5d(m\*\t=E 6\L2G\'/L\mQϨ\'\"dڰO\\\\1\\V\\\\4*\Fj>y<\-1ؖfs\X~-\\\\,\d\0WQf\jWY\\\A\\($\\\p~v\\0J\uI1\" t\0\V9R:\z\li\\ɇMp\>\\r\\y.\z\0iv\`f\=\q\+\c\k~\\\2\+A\'?4&Q8k)V\e\\N֬Z`e \0<\\r\r\؃7<\TꚴQ~\r>+8w+kcV得;fHL\0\?7=Ѳp?\\4FMvSR2دU?Ҽ\\\\Z\0\K7Ǻ\\r@o4HXb;wǶM9\ꭕɎ*\\%\\zV#\\\\\Rڶ\"Bp#lO\rq\\Kf_rA*g(|T$L_*\0Ï6EL\q(\^*\4;I[k{]A(\[`S9?\\=뎞ՀPsE<׶\\0`\_\\;t\<\01[\\3O1\Z\\@/+BO?5\e*T aԩ\=嗃\\\$\}\0*	0-Fl\%2eۓ\NNLz5Ў\vKX~e\K\'-zU\6\m>W-W\C\0z{\n\!s\\\xbJ?aha!\.\\\\sSn\\\u^\Z\Ŷ\\\\]nu\\;\\cZRj6\\)/yĭMQ)6H\\A1\R=?{\0?m>\d0#ʺatFxFZo\\y\\j\Q\\!cPf1q,FHd\ǹQ]~\\j̱\\\]ĭ\0,\7\0\9\|\{\L01\"zNn\'\W5ygu\=\\ӧ\r\Q\5L\nNڣxT4\[#?\n\Pg|Rg(\Je\=<\\0\Z\\sU3\\& 2\n\\Xڟ4\r!_kZm-\+\ȲK$}\ϩ9\0\9adKz,\aO\\\\Zu_GxS\\\\\#N\c*0\bs^)\\r}}J6\\I\i\\?ُ=@5\>\/i6<\L\tݛӠ\cQQՂMd\:\$\#\0\0ű\\mIy[H\S\n\\a\7\Z\\خ.ly;LzC\@$\3q\k\ḇ8;\ZA\\nG\\[\r\\\0\\oz\\"C;\*\pr@\p\\W+uS\\\0\k(f>\\ä?F몍e\\Z|\<\\DꁶȬ\\nރ##\sU\c@\W\4\Z\VIP\"9\:?+~\\\nܴLab۽{xx\A\yXsI+U<|\\\kC\gϔN\\0\ȬU\)\"\\of\Q]4j\\WF+\'fz~ԬZΞ\3Zq\\Wh\$ҵm\Sd\>yxMD鳥\WF\t9GG\c\\e\顏\}<\ȢH\<I\\\L	\\zls\凨s\Ub\\`\F8y\O\";IX\\>3j$\\Mc^x\\Sʱ?6~\0}sX\\o\v\\\2}6\<\\O?*.\_\[ˈe1ƹ\\'ׅvC\\':WAgK$)?;\R\c5qWd\tԸi7%Փgg\\\G\:*\>\xB}N\\e\\q\m\e捁ˏ\m\܃\Vy \F#i۰\ n\-^;ѵE;R#.A\\۔\[ jygI\\Z\\f\[\\"\Ս\\hZf$x\y\B2\TaNsM\~\o\^hW\fI@\r3\GNL};s\]%կLXj\nUXr1}*\Jh)\\[\13\\\r!x\g[6\~g<(\S\Q<g\\ǧ~A;xF_:\Gsfgb?\0־\rHZxʇj<kI\d߫kWH\0ݴB{\lWx~𢃤\PA.\n\\\l=\\N{\39n\QHS!oz#\Z\\!\\qT\ywy~S\}p\k[\0V\\\\ƽci[L&LQ\1\~5e7\3\6\	\\nӕ\+3m7zmi\gfؘ.\p\\Eo\\0\I}\FA\7\\4*<\\m_\ߊ\)K!{IO\}\E\ZsMԣh\bU.0N\\\Pz\5|\ob,{9o\0	\+\@2F~u2\\w4M\q裈\'x;\\¢\\ԾO\m\?\ }k\-u\蚍w\~E}]擀\OKJ\6>q^[Yq,>/T\\\f\EDLq.O\+\.~k\0\0JQml:^\\=UN3\\ƹnvSic\D<MƲ\7$A\#\E}+%\Ki%`\~N??sEse4\<\A>U\"\\`\cH\\JV^3m)\FqDheh\;{cP8i!bR\͜\0㿭v~\Z\\Pn+\~WZJ\\z/U\\w۽2z\^.\C\"\%G\\Z\\S6\ܝ\`Nl__\\\WG!7\V2*!#\71\ZMʚS\b\\;H\\5\\fXOބU?qZ-uKծw[G$r\\y?ʬX\f\\*\d\W<iG\&\\v|\Z_\\Iʩ\\s$s8桽\#\YJ!;X  \\\	\_iҵV\q\Cd:\\0Lz\hIi.ROM\53\\Z\4L\\o\B\\\x\hź<I4s/\06oK\!PKv r\3\WҮ̻K\Z%ԒC\e;@0\8P=uǅ \\\\ױ\^	\ad2BTB3Nqj&\K\zfxWw&;۶!m\B>\=\0}\l\\²\0\+O\Q\[XCi$l\4DfQ T_k?gc\\\'KA#Ui\rgxź?T\0h^ƒcW\\\\p=\\<EkP\a<yaa迯ֶ[\Zw0K\zM\a2\I}]9?ʼ\\\rO|\Zb\\\\\\}\޹)[\i\#cےjޝ\\|C^\0J(e\\{\՞]\\l\X\]}[,\\\R\\Rr}\5\^\nӚ\T\\'?p>}JC?w\$~k\}3\\+\rcP\?yXʜ4\\vIs⟵#r @\>V7V\E\Eo1\\%g\G\Z6\Z\&I\n78ِTX\ޱN\1,,\0\\8({qQY.V[?~\"\-?f\	7\0{<\wi__w\$\ξ/mg\7Ofeº	\\\\b״\'3ZF8C~J\ZF	\<<g\xsYĔ\>Ồx+6?7,\gІ\'\\\5\\+\ŭʹt\\plN\\-G\0|{\"r?jϛ\F<oՂNJFp=pX\0*W<37&\%>\\[M\jw\n\m\\QSp<7\\\r&\"CFs\Qp8.Ht|-\bK\ܡ8}@9\\~K\'<S}]1h[#t0t \\h\n^	\>Pu\s&\];6\'\c~F\0s\s\\ɞ{\)\neJk\Y\8:?\\x[]\K~\:\~@\>ϱJSj1v`\0\8MsI\4	\]xd*	^*\+0q9\rƖ\Z\?Pdn\'9\0d}\+D\7\dw{X\&&6:\t\j\BRWl\0:\0?J\~x\X\Z4\se3~\\\qcNr>=yS\\\:yo,\vr\Q#LqB\q\\\\\\ \\YMg|\0ܐ\Y\/th,\sW\\N\8zVWÙ\OZ\	7K\\rtL\ڼ\\An\E\m\cl/~\\\8 \yQ\\n>N^CyY\41Ԯ\\0\H*H54	1fR\]\M.\Lk\Y\OM32#L6\#\'\H\Y\x^\\YZ[l\$y_(>P3\\,q3u;%\Z<\\\khbO1v\\\+GN\nAv-\\j7M1XS=O=SѦ\Gwpɜ9\0\Z\n\6k\\\摱\?\\0ygN	-ٞC\\$aj0\e^OrNI>[FG崵\cd\ʺ_\\}B\\\\J񯌚ƛ\\\3\\JW\I\{V\3\0z\'b\񓓌\\0W>\1f@7m1\2ң\"hFRyqSo3RpA\@\z\0\\oh\u\t\Ԝ\\\p}r95N\e۾\+V\\\n\0.s\n\2JNv\\9\0\n\$N\GKk\0X\-gގ\@?\*ŧ\ܶ\\0?\\:\r{Ӊ8.l|#\e%[\&#+bI#\\\M\lŞg\rc\\n>z\yYMg\1;a:\iX<\u]\\&\Eg\\\',7),(5,'5','DULCE DE LECHE FLIAR x 12 Kgs.','D. SUIZO',0.00,1,0,0,0,'kilos',_binary '\\\0C\0\n\n\n		\n\Z%\Z# , #&\')*)-0-(0%()(\\0C\n\n\n\n(\Z\Z((((((((((((((((((((((((((((((((((((((((((((((((((\0S\"\0\\0\0\0\0\0\0\0\0\0\0\0\0\0	\\0C\0\0	\0!1\"AQ2aq#BR3r$Cb4%5DT\S\\\0\Z\0\0\0\0\0\0\0\0\0\0\0\0\\0&\0\0\0\0\0!1A\"2QaBq\\0\0\0?\0\}L\O\_\?E\\N=S\\0?}\'=SG;hL~;\a\`lH\O\2\\V\c$\0^c NOb/3y\nB#\YC\ƺd:y\\\\)`\\^{\Ե*B\W3шܛdL׊4 >!gç\7Zk\WV\o]Y}㙚~\|:E_$<\m>\P	\'&q\ꓴat\2#\?\\S/x\PI\\\ZZԦ\%G[m.z\}\\!qȜ*ߏOY{Z]_p\wչ>\I\Kw@\>\A3t]\\ld\x_3:n0_\َ\"m\'@;uA\"#C0aDryX@DH|N#}\\#6\ZH\H\8Ncex\0HY!i\Gl@\\Z\ eE\9\1!\"\nnb\\\d\l1FF\k\0U\\b$\428n\`zaA\@\\"A\a\VN#򳈍Fb!1QDi\!\/1\\O/H+>\Nۙ7F\3\0C0\\0GѴz\0ڞ4ٔ)ǉ.\\88f\Aa4\\ZB\3\9r!Eh\\\3Lęmj\u2p\'Ï\\\DDSw\?7\nI\\ݳ\<_P1b\r\=\\\r\Z\\\0\\)nd|F\L71 *xc\cD\Zӳ\Z\&\061\q\ 1LHs\Ђ\G#=s\(\QO+\\難\-L\K\]|\}CLjd\e%TjM\\Z<s2Z\!gׄՋ.X\cbN\ڑ\A*T\MzD*w\\	l\\1z0*HǸ\-HARCSD\ZT\Ԋ81\sSKFN\̌*Dxy>\-`X\8\\c\MWM\0r\oS\\\\?\</\v\\7\g\'x25C̔\\E\ο?\(B\\\\\=F\r\E9^\?Ɏ$Of4r\{Dvx<\MX\0icufs\3k6\N\UFg֦G\oQR\z\\;{r׈xC\d+\\W\z-cJ\Ȣ}s<ZӫX\\:TB3\\\\\加Nr&\\\0\MB]\L91T\ZUyLDk/|+zj٠F\0\\?OYjۏKo.\RYC\\~ү)jV\r3/3k\Nf\5\\\\|\={O\Y\\\cBaIT\!Lg\s\d:4\\\& z\\\\r\A\;l&\'bBb\)chm\kBcq\MU\,u58\^\'gq\\Z1p pPG\yX`1\n\Vv\r#J0ai~bb)#\r4a8\7̼\hdD\;/{sV&\\rlB\qßh`\fH²[/\n\ѨsԔ\=\\\'\d\J\n\\\SZs3\9XTKccm`ώ%͆\ȝ]g=!Mi\Z6\&L\Q0J\;k$mƕ =^>4Cl\\1\'S1:d\t.1;iCV\2]Egcp㘬)g0\\"l\0b̐i\(P\rSTfIlA\)d\\8a\\n\q0TV\r\\0D\\rh\g1\0[\48\<AG\7\@w\cY8r y\r\3U\\^\ݒ\!G09nQ0#\#h\\ޞfSQѶ1\\SL>x\\p3\\t\\۞\'jZ1;Y\ޙ<O7e:\yL@\A\8\Yո@G)\?i1W\X4rAi\Za2\XG8\E\@aJ\nqaH#\Z7\3\0v\\S\\>\\0l=?oa\j\083\w\\\;e/`L\\E1f4\_x\NS<{n\"\h\gjGb\D\k邹ՑHG0&aMu\,Mj\%\k\Nin}g\\[-k|\\03i\\\Eg\p\WOݽ\n\Բ駰Gi\\\vs<\\kUR3=nwێMkV\0Z\֓T\\UgeU\/:1l*\\\qI}i߂\5qI\\ņ\\"Ǔ7v\,\<\\'\\ׯ\\b\G\5FIjz\֥ⱄb<b\C1<Ƒ\E1F<D931\\rTa\2\0\',V\\n\f=fs #u\Z`pdQV7h\c\\8\"4`fE\8\0+Ʉ\"\Zf\\c@\q\A㘀s1#6\O1+\]@Иqq\n{\*\H\\\\8S,x82\O{%嶐\%\\\\\7\\Q\j\\D\\\0J5ZbS\$=^>CC3FRd\\nmG\\j\N\sϑ#*9mc-HA\'*`q:k\\kiǈׯ\f\\cKQws\Z\\Lhw|E-R\fٝi\\0񥻁g80Q\\3A=A\ p1aQ\\rH:?p&	P3<4\\cwF\Z7(Bs\ZǸ\\lGƘ\"\\\0ь\qa\c(\\Ć1U\'f\Z0p\\È{To\#02\UxMbF\EZ+PJCKZ\Z%QF!\\\%u\\z.=ub\\\z{uĦ\<3Gx\\4z;!Ĭh\z\y\x㷝Ѕ8\NJZQ\Z\1qdbyg39@\nqv\H\ZL-ª\\\ZjZ\g397e2i\\\p\'\0џO+\lDL`F\\\oӎ3\\0\&>c\O\\i؜ P\g\Ѭs*\nDh\\0!<dwX\=D_\1\pe\c153\Xݻ2q%\AgI\t\0\\ם\Y\\\L`u3>)\(jqE?\\)tp&QapC)4g\]D\\.f@\U!W/\	w\d7FQ!\sZGnY-W|Cs\S\bJx3^[\U\3\$Zjn\\0%zIF[Wa5њƞ+Q\0\g\#*ݬ\i7kwj+u<\m\8<\\'\\[\\\\\S7TƸ\3\\\\z\\\\\&1M\00̊\76\A,#%mz\\*\E\DDlG\ZaLC8\rq&\r8[c\!\0b\ZqP\\h\>+\n\c\;\&%0U&q\i\ǣ\:(\'\q?r#	\';CKpј\"8\+d{I\\Z+E\r\.\nr+^\0dv#ONS\_\Zl\\q]OF{k1\D\0D觇,\(5*bL\RӅ3$\n:66\\ZhR\Z:]$ \HNU@\\xu\\\\V\\e{H\\\<y\Xs\Iq܇^6q!5fn[Eqɔ\|\\mΦ\0n@̼BH}Ukdw\"Tճ\f1\\0ԝ.s\Q\00[\\Z\c\7q@;be\F@gg\\ܓ=j`ؘ\`bo9f1\5a\0NL!aD#9\A\IeO 4<\A6AM$k<6@\1E\r\0Z0T\I	͈j-4jN5:\\r\0ԉ-1b\07@\-^\ǣ֦1\̇\\!2=V\"QP2̭xn1\3bO\\rsnA\S\\%\\\q9:kK\25\|6Wī\ O/\0\t\0\}T	\_2ƥ)<q\H}M[\\\l\4\LeF\ZdL-L\"\Zc=G<3&kP\\ힷ]yIOL{mqOS\0\0w\~GD\,/\\ٝ؄\0GĂo\<Nđcj/3Ψـ4u*aD9IţR1݃az@w=\\\&\<+6\l\\۲m\I\\\x;9\W\\\4*\t\0xw\wjp\q=W\)\[\0M잭\?2C\\k\8h\>^j}\\Zk\3ݙu\=w\rV\\G<\͜S\ҋE\ޞ\YOzP[\Cd</覦kba>Ҭ\I#\ח>M[Mz\Į|\'kz@h_o\y\[\aQv\\\xF(\1JT\>1\<\0:Ǵ{T\10&maʢ9N\0Fd1e\diq8\\i`O2$\"c\8G&5&ʇ#ZV<)<\Z8,\"\V\'\0\\#3H\B\NKU\'=C%?\D+s.94W\&r2N%G).\\\ƱkEL\\r%\Cw|p#6\0Z_\\qG|bw\0Y[\\\\4\0E:e/_\nKJK=)YaAğIi \0:\\Z\KYaJ\P}\5?lNgO\\\\!\o))*{G\0BS\ª}\Ls2\TF!ڂ0\4\&S\\r	P\'A9)\{U.\LTV<\\N\9\02B\`G\E:̚Bc\Z\E\}J\\\ST\=*\c\9\\'9#EG5Q$Rab\Rz鍘LVnz\'1µۏf0Oǥ\\\1\0>F<z1gDG\;Mc\cE\g0+M\Fh\cXxp1	:\#X\V\5h\"G\\4Rh$\&1\9\ML\\v\\\7t\\w\وL\\Ɉ\V\qn bq9\w\Z*w\\sT\0\9\#\Z5;5Dk6$bЕ\a\T$t#N\M\n2 \8hS\\nc-\,?Z\*\ّ	Rs\W\\ŋ~6f.Rxf\I\U\\\m9yYTs;dԊA|uV\\3\\땎^y\_g?\;\0?y|8w93S̷\ߥ1\0¿\0FqDF\(%>sb\N\\v\",/>B8a̩TAţ38ΘWi\\p]\n\!\\]Y\_XYiG!B\1V\\Ƕ1\MyE{sm\(\3͵2Ѧ\\\\=\zP&3\:M=_N\ַ_os=\8\IV\\tٽ\\\ҹ\h:J\5}/RGHa>s\\0K\FyN\˽1\4V@k\\:uW\\Z\Bw\x\ڲ\@JL\\\/\r8t\\ʛz~[\0 \eƵfjrnE\\LaQ1\y\Q\TlzLONv#3-o\B\0]\'\\\\\9ęKGU\tǈ\!4GӴ\\k\OC-\ۙ|Fs\2i;\t\\\1 \©\	|6S\h\T2U=%`I/w\8\\\\	fJm%\Dȑ^\x\\7\\<hD)\ނ\_i\\n\o\sH\3\Vb{w8\\U\:7-b\i\n;o8\eILi\\0(DooP+4QXJu/yZ\>N7_e_~#Z\/yY\\*B}\\01TIY\\\R\'X/yZ\^w*\rNg\Z-\\r\J*\\\\)\Zq\^,\f/;\[\8\\\8^.;w\9k\>\33\0\I0\\Њ\P)@g#zw{uϓMmJ\z~xK\K6`\r[#jw\QcB{F\(:\t(\ؤ\0\0:iLe{iޖ8\\\PqFh\Ms.\\\">\\\\H@u&HiQ3dV=i	X\9ϸǈ..C1\Z\0q\\c\\\Ũ\\0&`\\Z[يL\Ѥb@\8\a\\&!\IфBb4\Dc\h&#ӈ\1L\\i \\1!،\"I)g0\\TEa&\a\rc֜2SC1&jzix8E\#\ei.!\Ne\\ƁձzuO0\+\8<Z\[<BSn!\\'7^1v\褹\%mkRtRHUm\;<\\\c3\\\>Oݙ\\0\\\%FD1\ZNyw[\00N\4,\\ZO㛹\<H+:.`E\0N\"(A\ sŇ\'&ṋ\Zkqy۸~cH\ԉ\\\\5N{R\\q\\\0ӝ\;\\8T|\]\"\\'\\"\b&;\\azmŻ\3R\G0fnjҨ\O\b摿P(L5}\]\V>b/otժZ\)\f\Z\ާ|KnFL\i;#a\No.\\:=rӺecMU\wQ=\@Mo\Dl8m\0M\,\Rʃ\<;==rD\ץJ\0Fa~G>ͭ\nG9SEAċR\\\:\"\\5\X\\\T@\2fF#\ņf\̧ջ#n2\0mPʈ)׮I\0\9\\^ajQ,\4\mTs\"o8j\Z<\\V\"Ec\?OP\8lGg\&1Lo\\3\\&<\&%\n*\&I査&.HS\q2\\\7D%$\ӌl0˓;v\'\$\_=ǣ 38Zvc\t{$2ԏĎ\!K\\ana0hS6\;q\ZWA\n\gn0%W<stZ=j5\ܨ<I\\2jdx/\LJ\4\0IZ\op\Z\\fj+w\\Ӭsܖ\\4{.Z\Zف\q\\\uy\"\ej\\D;@\ku\TF\\=Uz\0ulk\\`Y3\5-\MGkՌ1\1K\\JL5zs}0hUĎX־cz9\\\TI\cw#&J\\9s8\ฌsDA#B\;8`\<\ %#w#1sA\u#?*\HS\\:Qi\\r{R0ѹO0\=#\dAE\R56V\|@\۱Hg\Ƈ;T\0\\2&.?O\\ߢ\t\0\=\\\q\??tx_2\*ǰ\\[\o\#XN-\\c{\\"&clrŦrB)&)?\0ʏ\c3qğ\nE8\"4\,\18͙ߤA[\@U\2\\\\\ķ\9\S\vs\\\\0\n\>q,-z\\\\hQ\)\vv\ Jj̾h}m\"#^8\-zpw\\xW-e\'4Ź\i^gkV\Xj?l\\\\؞o\\<\+%\\0q6\>Rͅ:O\\nwAl=?\<\A\o\r7d\|j$\\7=\\\Z7\'\*TҲeC+-\ܲ\cYE\i\\)!fcQ\\۹4Ǧlm\@PW\nI \\\"FF&0W#=/S\:\\ߺy\\\;(W\}q\\1\1\Plh\\0Ʊ\'\qn#q\"7PpaT\\'aG\k,\1E\gbQkq\S \<\\\3\'K\\\@ҨDj\9{\b\r,A\-,Fb`\;\"\0vb\a\\0\<\\\=L>&\\\\0f\\a\"1\BcF\0\yS)VXT@ȅ\\\\rNa\C\"Qnws\0!R$-Њ\0K$1\2LzF\\:\\\TO\8\*L\\U\'\ZTDJ\.=\i\<s\\\&PpS\xQD\%nJ\kY\\q*\PL\\z\PW;H7-\n\\@s8c6(SAyפ\\A\^Ьb3\\QËrx \:\:H\B2 Na\\qP`~\ʼD\rd6yh\I\q\sҜ)\<u\Q\1ų\Z\\59b;lU\0\\qG\=\rىLW=G=\ZF\	L\,ѻ\"4Y\\D\\OԛS\+)\0\\=g)\0\\0\#\\3U\o\\A\1W&!\\0\=<E%#\c\%9N0Z{\?h_y)`\}=Ǣ\eNd\аl-6\޼&YOhWe\s	J\\G4\o֬H\;;{T\nL\\\k\Yrc`1.4{\\Qhj\0+	==^,U\ɛ&D\0Gz0y\U=\\ȵn2O<N\枒Z\W\MPlk\\2\bs8\DT\[YU2\#*IDT\n8\l\Z\P>\SAo|wT\\fÖU\3qOtO\QF(;\\¶$iT\\\&\uIhTnQ部̙\\\"40\+\\*&\%\\\Kҵjk9/\A2\n^K[wnZ\\\N\\\\/S\BE\q%ִ;Rƪ(\Pj\ZJ&fZҹR\w̉3--\؇X\0K\r30\2Ek;\郑[O\\-\~a\^\gU\`\\\'\3ϬyI\\nq[Y\\*fN+I\wv$j74R\;(\0m9\\@\8s\\\\\xSf7h\\\'n\~^A\Z3q1d\09:vcy\\0\\&L\\!LG1\qDz˱\eftqN\@9\0\\`\ra\UqVP;\E؀7\?\<@\<	\@zN\\0rLxۈ *¬\nU\@1\`\OĠ(F0`® aQ\\D_wB+\SuD;VFNJǈtȕ\\?_N\-m[:W\nwLerz0\\tn\\	D\\n0\S|GS\2\e^`ڽ^CVҵ?q/s=>IXa@\09}Ფ;2\\\ɷz}[v#i\`ֽ\\7`Ѕ\~n\0a\h؁\G:\0\LF\\0x16\1q\$v\\Ԅg\%>Zx\\L8GL\\\x`ǃ\0O\_g3z\o+z0\|\0G\\˙\od\\a\o\\a_i#\'1 r#\O2>̏+эpG0\+ZT)\\˄ٕ\M6;\]8O\'wmp\~\%[*`\"0?^_.!Ҽ3UF%\*v+\\\\'\hW\r\y\\R\eMk\\\+\݀;*\\\<\JE\\닷$*\\792+9o~g\0IF<|EP^\94)s/I\qz\,=Fw~ uݦ\_\Pw\5_\)\\\'=\Z\0\}sۢi\POx\=r\?\\2,z\֢c[ybYqr\ndH\\\"F\2,\Ԣx\[a(\Z7~^0&@\^^\YF\@\)\\\\B\\!\5*~=	sR *%&\\\oqr_\\]QB\9Ϩ6euYH{\Z$Z{Q/\F\ 3)k!Ӽwj=c\5\?\\dp\\J\\9iL}1x\\ƤG\\N3\2LSq\)J\[3\Z\ə^}[\\\\rͽP\0TasnQd\0\y\\5B(7\\Xĸz z\B\k\0\"dH++L!Լ\0gZ\T$NoBʱgV|{\/\ӜI\P_/\\׿R񶯦 g3\%\72\S\0P\:\َ<\ϊp3gKMYH\\ȖD\S\0t\󁂧9u\\\'D-\\4g3jι\\\<q#\\w4g\x1\x99V0\2\v\ h@FN\ \"/:\0DvF\\$*\'\0P\\L\\dqG\n;N\b9L\\\n@f<t ѳ\\=A>(Rq\!\\G)\71W\\"\=Lx֣c~D	\\\rj*.PKIϴ\u[.t\UC\DeQǴ.A\5:\ɯ\}\'wr\>B̾\\M1\\Z\f#ؓot\Jl%G\i\w\\Z2\k\s8EF;a؜O8\Q\0\f88Pi\n\=\\3>#S\'\p107}<S\0lV\?F\\\\}f|\0Gͼ\r\J\f?w#[<\ԴG\\9W&iϝS{\A\P{z`NL\4zT\>s\V\tVe\'\zM:X\\^r\\uCW\J[\>D{[j\\gw/!\fRn\R8wW3 \]c\\W׭\ws;k\!\7Jݞx\\n\'ꓕ\N\y\[1wnDL\ r\Jra;&p\(&gq\ZH8\',kr\",C\\rIP{b`\0[X\\o\O~\ϙ<TU>\,54\\&{5*\\7)\j>\<K;z Ccd\7%je\aA\ڪ::\0!\\\)\3pX\47B\ryY<Qb{O\:{K\S\\Ma٧y\0dڴO~\%u H\'d%\.#\\\\b\+]s+7\_x\\\^hrrO\rbZTMډq>\\m\Z\j5TRm\HƯHu:\\&\\o\ds%ZY3Q].\* /؜Ffz\ ұR=FY\\\90Fb\\\\eVua&6\)l\C\ҝ\S\[\\\'\"9Z`\7*{r\8\'\'ݕ\\"C?S\\F?3\i\Zwά6\08:\38][j\\h\ue\`\\|/K+{jz\'w\-=\+/\Lz]\\+\OSg^)Ɏ\&@\\S/L86c\\"p2ٝE \Q؊Jp\\ D\\F\ ؍Ùs\0V\0FqÈA)E\\b8;@b\\n8\a=X!\n)\</\^\zN\p!GQDE\,pNL\"m=[1\\\\tr\OR\r?^\\62IMb+h\1\r@-Ex\[\\m99@jo\\\IX$:\\\\/,(])}3#xa\Q\\(A8u\S^9uoVٶ8d\\m\P\>\4\\uQS^21X\\F\كx\3\&4$N&\r yQ\ \nǈbg3Xz\Z\"p\#Ø1\y\)\\\$c\G0)\g6C>OωVp.\'0\1ո2~W+m<\^G\*zo]\\S\lt/\ryZ\F;\^\%5\2U\mgo*g-t\.κl\'po̦\u\n\\H\VwW,t\_\^wH\\rAو=\!\FU;I۳;\ZW\rl;\E\`vG\\o\n0`\\PI̐9\Osq\0k\\\o\sP3\}N[\ZrdXf±ϴV]X\0\_[zi\Zv\v\|\\\X\	Owed՗U5\y̽\\#V\\X\r\[qh\J5w\aKSPr&^\Vd\.m\ZU+\r\S	\nVzt\ђ5\rT-9?OPw3\\\"\+=\\$eQZyg\\\f\0\Xh\b\O\\<fDwg\>5[5ɞpQnc\\%\E}ʐawy_ދT\Mj\ZDkuhd\\+Hy\n\u+jo\0zO>\jiս\Z\=x+\MJU	\Z5tTM@	θ\>	\\Ұn4=@Kkk21\\0|\\D\᮴߼\F&\3\([?QЭ\\#U\\&s\Xt\8\\\X\l\+[\ZzfR\\r[\q%Y_(\r\L/\\NN.ה\l3o\\\$\ۖ!<Z\qt\\\\\K-M\:\0\\<u\Z\3l\\\~sP\-CL\Q&r{\\Ȯw\6\єӢ6Ff5\\[lR\\"fQ%G\2~\\jA\39\eMZC麥[jI\_=TNdGѕ\ \\\\ij\aM\\R6\\׵\Q,Lҵ\0Rgˣ\\͢OPǼP\0EoX\Æ>\v\\1\#[\"=#\O\\ \\\;1\\2\"\\0\vq:&pX\\4C\/&`v8}\\b,#j\0Gv\\\\0<F\\	aW%Sè=\cG\08G\\->#$\3/mj\Jg2\\MK:kN\\\V\&̐\\Lu;ă\)\0wN\i&5\01xq\\rd0~cS\	>=RVVIEC\\r\P	˃FcVM2=\elUr15׼3B3P\\2V޼~\\<\q\0Kw\r:k\\\\>\Z<u\\\\n\V\qO>T,\n#\ݞ\"+:+a\Z64(u \-p!ws\ZF\> c\\\\\M\<6\Sc3Ә=J)\T*\jT\#V\tVs\{\\<|*t\Wͽ*U{Dkt\\0=į[$F8\\;uȗj^6s\\\RR	HW\RzϜ\t\\~jZK̨\YOQ,s:\;\ \D%\?\\0\e\\\v#\'p-5C\058\\"\j\!i!\1ʙ0\\0SLb<\\"7Px\Ѝ\'q0)!=ĜcL\\q8cL\zM`>$`ol\\u&˫ȴk\C\0KJe\\|y\\Ze\[8;\\}a\{{\\w\'ԴUg\\ZJN/\0m\T|C\rHd\0he9R\0\k,\"Pol\\ԧ\!NXYQJU˩rm{\Զ҃nj3v\`\ˈV?`\)n\g\ѫr}*v\\\\u.H\\\^ݩ\\\bO\Z CzH\pc\(P\a\\\0J\4h(0O@\m\R	I1dڕB\%\[[w\Q<:\\RҼF|f1kR<\;%{/P\\.\q\OJ\J\y|VjN%\J\C\[Ks9;v=\OX뚩[uHWp\6b\1\>gvW(Faʬ+b82-\יL \j\3u֑D\Z\Tvn\vb]T,IKN{]Fϙ\&pn ؎~d~\F`\\B\0J\Kdֺ\P%m\"\_咀yvMAQi\0.\0rD>!#N]pd\[{2L$\5x<&\Z:}C\ZfFe%q̺\\\Y&3ugonԩJes$[TVOO\"\\\ND\vgTV\r9ˌm\θ8\"8.\1\\g?\n9@Q\qc\\0\Zd\,lB#q,)hE\.\3\\?&\ai\\\c\r	\8cq\N1\E@Dh\x\9KȏC\0(X5Fc`fH\#6ݲ9D\0\2\\\0\\ʹ\\)\L-\p\"q<\\\\.\ dsXAG\0wD\B\\9\*v&H*>\\\"F٤ݎ\"1\q\0I88CJy\x\\{AQ)5vTCI\D\x´\#V=\M7\0`ܯĖ\Q\?\\'\z=\rF\*7\O0\\Z\5,B̌/7\U\; \ņV\4N\\(n`8\7fvc\0\0j5)PzO}\n\L\\|\\0N\k\nI9`[9$ʋE\賑!\l\0\M`Ul\\w\Z+dẈ\Z	p\\0?Gb5\@\"1<N\I\5a6q\d	BLz$9@\"\0\\Ø\Li1LlqO&;1@\ZLa1\\\048{\S\rEqʙ$7i\<\=*ƨ:螬Qh\$fj\\&\DmY]ϴ#(͟R\T$sO;l\rZ7Z5 \:ݕ\\Eo6\U\2}Dy\fW\zŕn\^-\o\ԥf\؃1u뵫^\!\Oe\tˍB\V;O\\iB51R\Sx<v2ʯ\*\nG\M|\ęz\\nv4{F\!_\u\\"\'\K]\$\?ʄǇ/pU\3׾9l\x\jZ\SPp86[\\ǡ\P*+0ZS\\\"gnZ&?3\y\pq\y]\E߈\\Q\1\*+߽u\n\z\jHWVơ\\0v\ڼT%0O2K\0un\?ZX\~ڴHq\#1\0w;w/mV`JC̉\v1h\n\\`\D-\'\0\T\r\yTGsm	\ZԖ2w6\T\o\\*\0\\,4\\1in\\Z;\-EEӢ%:\\0\X\r\\ZQ\w\fpzF\Z\ruN	go\\\\l\eFCP0\\ʘ\ŵ\52\`\?[\&\\hl/w\\pLMj	M&\VT\!9ڧMjl\Z\\<{6&.B\\\\x\rM\~$zc\\uS\Z\\8<\\\\i\hG\&\\%]\ʈ\9k|0\5?\.-\	\\?\B\&\\ZMf\@\(`GF!2[0w\\'EB$\0L\\\"\'\(\\b&~\'CAD~\"b)\\=\\"\0QEh\V:\x$aQy&A=cKF\ƩFH\\\8	mg{2eVF\ncH[S\\D0OB\bRP82M;}\<7?;S.G\\eK\Bc\"L\/;}03㾡21\H VwL.KN\0j_c\\\nԶgl~&=V\x\}d)]Aqj8]ܺ\\K6v<.C\cE\F+\\Oa^jJ1ہ\\N\\0\\0\J\0\=/\O\T\=\Hz\"5\q䵃Cq\"9\v\\\sdªx1GL>\@>ёm\@1\1X\F\3\x1F\ƴ	\8}\\1ܘxN?1\g\\ɂ&3q\\\R\ n)aӾӝi\\\5͕j\\Wئ\u=f\\:044[Z΁7=Nnq>Z\o\]\\W\P9ĭ\5[#9dٿ\\\'/O5@W^\'\\\\.\\6\͗\n\0]!)8݃^K\VSƽPĬ\q\Z\=\"W\_\0u.z2\'s8{J F,}d\z\\OX+J~m\\\!j\Zm<\HT\%\\0\\\q\w\Z4\I\	)uJ\\\ep\}a|-NW+\"\wyN1.,I	`ʜ8Ʊ\014\k\kq>&\\\25S\ uXw9`$ue\Wa\h\:\LEEM\\6\\Z\j\\+\$IT5Z_7\Zc\\\)Tj,Os\\u\M\'^ӫT\~e\hwt|^\K=\sF\0κW!\{\{\i4<{jz}6jV\rӕ\F1\\ֺ,\H\˵(\Mf\r\\!fGY\Xi\i\\\\'\'\;=~7~bA܁\ٲ{i[*3\r>\'G1\yaB\\00+\}R6Ǝ*ܙ3\\\0\\E\2JjN\\\WD&\X!\0--,\\x\-;&򥕸k\)j\\\N\чs\\_9\j٧M<co\4/\2\0\92\04g]:Ĺ\\7r\&\kc) GHan3\r11\H6/\3%+\Z\\^\$BD\\F\J\Rr\8爫O\(4\\)\f8,Xz(XWe<AA;\EĜ$SB|@21	\\\0\LcQ\\V\pG{O|N&bg1\?\(y3`;\dZ#s\Z[\9[\r#0\'\9F)~ifP	-+v?žpjUMg_\Գ\Tr3b ̯<-NޥJcՏa8uǒܡB9ݚu\!\\OFы\>\OS\\\Bh\\=\\g}Pmm\꯮faW)+x-!#폦?1s!_Q\\sрb?\d\\\:\'̢ b{\0\'\{c	\\3\Ɩ1q\"\rs\@\0\rS=u\PAQ#\\r\j\w\0\y-\pPg`P;ԀP#\^;*\*\GQJ-+\n`J\\\5\m\[8\Z\y\\Q\0I\@l\ZȞGJN^v]n\W9L>qOp\#8!\r\8\M\#\#V\\7e\`ͫ[n\0\"O<&\\\F\\"G\S\\"J_,}9!L`\	\\SP\2N\Č<\\yQFX*#RFʶG\u&\Txe\rQL\j\\z?\rV\\@\\IoF\f	\\0A<Bܨ\\0\V;#dF4\csX\0hFC@BL\1jj\pq-(.\\\h4[t*vZ<\;-@\\ئw4\eH	UMPْ|i\t\bEک5h\\^[-\2\U\jmPi\nP4&[KL\ǌO3\qy\\e͍=\ͭ\"j\t\\3t[6\"LV\L \\\DfJNٷ\4k\<`5\n|\e4\+*_>;\\\\h\\D\QRJ6\\'\\,U{BvS\"\ZN?E\\\rJ#6z\\"|}̟B}\\G\]\i^v6	xd7U\7, \O0a:+\\qkh\67q-\D{LM;p	\jS\\\mR~\gGPGi\t\Uʱh\U\\\g-=y.{<\\\M\\y[Ntsߜ\[ax\"Q\\)\鄛B\\\T\\\)\\z\\|\1\GW\=0Ӏpr\"\9Q9%#\չ^\"\' \r˜\C9\h&-\!\+\]X3\0@\\\p\!\8=\\'\(\!\'(;h#*\!&\0ǚ?>N0DW9\\0\\m\'\\t˖Pzs\b;%\?\rS\h51\%\x?\y;:	}iZƩY\n\`t ihW}\0\i{A\3\>Z\\0lF\\_?{Ʊ\c\s{1V1Fvs1\\d0b\Ʊ(8[\"B\\'\r\r&n\j-S\hcKT85I\#7\a\"D\$ƹ98vZ9j1\0@3\S&R8DW2-kr\rk3ș\\Np<\W fW׻ݞd\ZK0\gnE{\\ZO0D#6}\5\ޔĻ:\\:asM\jp5\"N\\u\EeU;7 \\\Y\f\w\,|ARmFZ\}+h\\\\~4}&o=\w\Q\\\\\\c\0P@.\ڮGeEݴdOWǥg\F\\E\\_/Q7ۉ\	</]\\j׸( 4췏YrS\\;\PӨcn9v\g7\_Z\\f\zҩ54E8\\1\Z VQlMFS3Wk\8{r\w+\*\\\.J\7\uֲ gKms\1F39J 8\G*dVeC.s\̢9F`@«\FX\0$\T;2\\č\q\Z\a--p9\'Zo\q\\/\0p37Zu\7\\\:Ù2xi\Ϧ9/M{%IBz}\y;6\\\KF蚌1y?S[Tݎ0f\\9goZ\\\T\3]:s\jd\;\ʧ\9iijp2ۖ\\y)[J\ɽ\"OSe6\\\mӦ\!k-V&Ȑ\s,/(K@p\\j1RcGypj\01\X1\\)[ӑ\\\\\\\bq\ZY\\\'\TXUmj\\+\cҩ~%\ÈJ[A\~)\q\i*\p}\\\j1qeS.64/c&H,3f|RX\\U\\AuR<J\7\cp\n5v6\\\\#,e9o1\I[\0LLI\\\^gSp2\ˋ{u@\xʴ\8:\S\\T\\R2J\\9\\\GiS8aua<1T\nܧpN[\5D\=F\h\G\"6%\E4\5\Zh~b=GA\qC\Q8b8D\\t\\"HCs1e8LC\0A0)\'N)8Ċb@Fs\\ \S̸w\r\#Ik\\x\â\=ʦX\&eY\ӧ]\Z@1y\~.\n\\^3\%\Nߠ\0mGٔ\񟠟\R\0l\ \\\3&LKq\\\'B\Ƴ\vL\1`\\f5\\\f#-\0s4<\5=\\Z#?ekQ ־ǉuj*e}z\g$+\\+n/;1\\x\2\$dFX5\\3{ȏU\8\n\\\&!\") FanWv\\z3\\(R\f\T H͜L\gZD.\MU8Y/\ng4+mx6|\\&f\\̿o=_Fxgk!+\KKJn#*\ǵNz}\\.mTf1\1^0P\\V\?\\yۯ&\\5\Z[e\k\\W{Os\\\\\\\\LkQn\촺\ձSorUmt&\\\\\򱖷7iQӬ\\x̼V\=!\\\4\j\P\0ε\"<N\8MM\\\:0IS_?z\MtUG1T:0 \]\v\\U\@\3ŘZ\b\Zǈi\ьc	\ras4\\'n\@\ө7?Zl!)\<­j<	\r^<TǼ\-0Dڷ*ߘuYUrޟy\\\,\֪9#\0\3NbM>GҞ쩀e2Nq]8̏\\GESeBI\BT0g\\\?1ߨ\g0f\\u}7S;\\rǀ3\xMq4݁\\0!\dbqQ{BRnԟxSԉ岯f\"-M\6eM\S\_\vL;~a\rAHaO2%QD\j\r{7\'=\%X\\0\Kl\*WH9\E\v\3\6ɀfjm&72\FA\i\]\v\'\Zt\qR\>v\S\\饎fJJ3G\\f\\\r*\̐*\<\"V \Щ\\.qZ\'DpF\Zo[3\%+H\Z\Z$y\n5q\\ElW7OVWcд\h/56z\?\*U*Pl8f\Xi|5=\\{[\yҬ\0\	[3\-P0\?p\\\\	gB\~\:\"YJ\Gs$);\r\\"`Lb>\#\#s)\\r\xh\\Iۢ\31T\0 c3\\\0p\<w1w@O`\3\\0@bȜ:3ӽU\\9q̑=pGp[\x\`q\C\Z_\\U+ \/\a1{7\4r\H)gf!\cL\yf\-U4	\#4<\\\5jM>\\r{Hh\\Z\\\\[\˝@`&eQ	7\\Yqvw*ou*]ɜ՝\\W\1<,9N{\\^gAj\0 ڤ\\oNi\5\01\p\0Ej\\=-\t r&S*F 8#9hs\*\B^(I^Ub_\!~fMcBkWDqm=֙Z\L]F.<\`hV\04J:{w\\}\.ƪ^\fO\\.-m[j?Ov^&թ\)oQ\:3E\Pe\ZVI\G\5_m,\[\\u\\\\ƿX\p	x⭥j:B\	2Z\\ҼzTj\T^-\-#Ӗ*֍\Vn\jbԩ\ݻ#o];kzS$*~\\\D\-\rM?s\}*7\l\\͡}j	]XdU~%uF\D\Ɠ\Bc	\0vb3N0la[O3\M\"\'\.`N\rz Cq~!\5(<SSEDSRRLDnį\	mjGE\L\Jj3\,=N%\"H>\:{C1Mk\\\uzu)jmc&Ivyk/1PY\Z\\\<\tvz[Ub8\OR:v\<Mjx$-.\\Ez\=W\0\[\\݅5\u,\v@\aT\+3\4oT\}5\\\Z\\Qƞd)F^qY\p9zcb\^ִc\i\D\z~\\ZtO0ݾ~\_&\q&V\Ve\\\Ț{\<1Es\\\"\Z\\4\Ze\+/ؙH\P/\r\0\Z\ZT1Kv\\)^T\F\>[0\B1\qla0B\ɖ\\\"\\\"!/\\\\Jƥ*\CW\0멁\\\\\5Zi.cT`ZU(܎\`\Z@Q5mi#\ZԷ+\Z?yIԫdzGX&\&\"ݝ\n7\6 Y\!KP;\"*$M\)l\*#5VS^ߕ2\0G3[d\nC\'&Dd\'83zt\6\OӼAJ\W\r\\hl[\)Z\ΦPY\<Pi\Ju\\]D\&ȫ\\:\T#%햤gE\'\\\VȊ\nfs	\a$JdF\w1A\c\\\0\\`&(1\R2\'\b\\4p<@8w9{F\V6p{[\'N5\܋j$Lg$<\r\0\Q\0l\\-\rQ\	&ZA#Gb#\1v\\\q\Z\:N\*<DZV#1_srd. z\as+/.9́w~\D\b&V\կ\\\yeq)^\\'i\NZ&]\暈,\/c%~ؾXU\\\Ä\\\6\A\罝\\ꍹ\~w$twpЋET\i*\T>xڣ\\\\\\Al\0D\ny5E\\\c32\/zq\\\Ɗm\as^0\?1Q䴜s\\\\\\\CD\0a\\\0\0i\DV9@h\]#tfxdṮs\LE+R\\"@J\8\\j\'3\\H\k9\T[b%^\@9Qѓ\AVe~DB/\\'\Z\>\,xl>L}>4c~\Ȏ*4sQ\n`\ejq\\\j8\r\'\#\Gh\\s\\1k7q$MsQvĎ\\\*	c7|\\Hh\\\0\\&\S+P\\\0\E\r|^RU\*\BG)<SSOPH2\ۀ%M%\L&S\L2du!\bLO5J3\wuvS Hկ,yk\Lz[?ԷԪ\n%\+ʔ\oP\\H1Üή\=\Z\*W\\q|Q۽ɗU\3KmZJ]cO\\nia\3XnqLSqWG\i:x\rSw\\뮓=>ѯ\'P\Q\3\bH\\SdrѦぜH~fZ/\\g%NYrD}\2MJieMv\\O+|ܑ\fQ\)YxZO	X#\~\\	\9*7Q\ۀ\PCA̐iX\#iĽJ<CS\;YN/V5(\nz\ϊ#I%?\76\\NN\r\\\;\WyX5Y\q72M\"clPP`\tV\<åRN\2F!,}Bh\\q\\ZHTlgQȗ5\މ<q\aD\nm\\M^74\\٫Ăj\\:)ysڐ\#]V\n\=\d\ZZrf\\\"+\ܷԩW,a\ fv\RR\\2\\\(ؚk\O\~yV25:a\2ĥ|w\B\o\\\$\\0h\ј\\c\#\r\A 8rDb!=GO0Y\::SGՎ\\E\u>\0t\=p\!ٶgg\D\o(sC&ZCU$zǸ6a#gUc\"\~\<-Zp\2\@re.~w\U&yOU9 g\r%z-Q\&ak+@.\TO&\Z\ժ\\\_\&2:{P>\\\\(\xf\,-j\\\vPjUUCX)a}\r@QS\3s\'P\-\S\\fTj&&*:Z@ZN\\\\Ҹi#%FQ\u\{7O=IT\\dwQMJ\\'?M\p8i(\L\\ӗ\ZG@\IJ9\RV\Z/\'yp\\\frOI\N(cD@F{ی9\\\w\Z\0\=\))J\\\:\/\@M5c\FsM?y#8l\$. 	V\NRl\\հ3]9W4\.W\qniLq\"\m`\W\0&8j-0\0t\/.[{̃sCmo2\H<Ywcl)Yn\0Z\\Ti)hR\n\\̪\Um\"\j7U\ĺ1PdZ\\\i]]\{_2=F\\0Fc\eM\"IZ3#\\b\GR9\	\mZdh\\F\{D\'D\0e\Z;0;c\,\Z*P\"{\C7^VV\ĤĎ&Ҟ&g0ITF\\\%{@F`\\4I\Wk6I\[.]\\!+\\孵>󓭱`F\Ŝ\J]QrJ(Br2~`Xbf|\=\Zݦ\\v\\0?\h-;D\~i\Y\|5H\0D\zЧO?m\*LF2i<Wp\g\pP1	\zU\\)㖁c\"U\jR-AOC2\Z\\s)\ZMzkp\?\\\8Z{|\LiR2#V1\\$!Dz\bG9\\aX\nL\P.$\XP\Z\01EU	\"\"2ldlL\S\\C\o1\~@}uA\/cf\\j	\\qʈ]2צalUّ%OM\Հ\\\z&!+{\\GOjjj(̩J7\'aFr\@\*\(cWx]Qf\E\-E;Vr\\\i˓3Z\Ie\\\r2W\nWf0cM:ʠˍSN\vF\ڃs\"%yU\I=:mI*q.\Gnn\Xh~!H\0\zRLn\5wj\\Djutqa]\no\\H2\'\:\RB\M}\(r&\,fA8\\3\&Rq3\\9jH\\=[2\G+H\^IhЁS̠#\r\n\9g5X⎢G\信͊4\=Ox\\F\*_\\\A3wciw\G\\l\_lFmfįb\\\u-&eP&x@lv\%\O2\ቜ\os!G\r܍u\ \\3\\\DyD UF`#a[\\ZQm\q~%Z\$\,H7?Tp\Z\r\|N!TnL\\001Ǵ5*\'>@ I\\FdŷgD(]\։bKz\Z@ۿ3jre7S\n,>Јk_\ćug\OI\n\G۝\rX*}\\:\<\+Uo)\ng=6i\3\3\\\\t\\\\/k\0!\wT\ˊ\MT\F`(\q\ts*<r\3<6@$@+aB\\bI>X#ޮ\0 K\Zw\TU*l9%mկŪG`\^\pRM:\ңw\"a\+uW>Ԁl\Mlx2\<\a\Ƶ\Z\t<\gɐf%P\.\^K,֜$In\ZHJ\ k++\\\S,egv2=\\'{R\r\rfĸx\v\\"kX$DGB\{\\\!)oj\@\Z.\pF\)t3\b\G.\B]=4\V\'\Il\"5.\.\UFeZ\N-y\Ft͟DjW2:d6\\\rH%uIjUϴ\SM&mDq\\'i\oXQ\N	f\eX=]\[[_\6\\NK~rҕSsq\r^TuI\"lX*P\|\-0\褞4F3,!2\F5)))\2\h5u##\`\\O\y\Z\\o|C\Z\TJeWUJ\b\=\&\J\Aj\\qi0\Lz%cz\"==D\W\.\JA+Ophen8\pn?2&R6\f\EF$\\Ea\\V\nǉmLk\n\a7zUЭCi=\\\X޿\Z>;!Lg(5`\^\\"mHe\'.n7\^\u!T?\\\өit@\\	KPli\{\\nZQUG\T\0<wO\\\s\/\\:\e\mLѠT`x7B8ҍ\\\;y\ajh*`\\\\r\\J{R\"8GܧQ%܌A\\'Wfg5\5\n\L暩o]^I\0Nc]pN3:ifW\\co\"IKgo^Kh3UN\H2]`@%ZV\-na,b\2R+fHJB\n\4\VөԒ8\#\'\:	=[\"8\ZdCO1\L* \\\<@>B.ފ_?3Ǿ)\\\:p\\Z\rpВxԜ1ھ\\wq\"exꉆ\do|ʇ2X2I3;KhA9\o\\HU+s\JՏavԃ\U\0\\rm\\];+1\r\nt8\\泳-\'$U\'1v\0Ix\:2j\0$u$N\\3\\u \OZ\\0lb\\)ڼe͵\0m\JzSx(\^\\hG\%:m:Vtb33zr=￈֔\\=6\A\D\i./\yG\?\N\횅R\c\"mg 5\Z[MA\\xU\RVE\\Vcs홝tX&c\\\\	.\\y\:ҥVvԪzq܎՘\YgUb\Z\Mdٻ\nV0\0e*\90U\`\\:+N75k\\L\y\#v%H4\@\n\\r65\P#FSO3ry\m\0O:5\(\LKB2{\\(8Iɨ1-Li\+\ɜ\\\S;\0\&|]YPSH3$\0\\\\UopU4zA3OXa{b٭0\uŖSpM<=Tiϴŋ\n\\Dĕm\\Jpj\+.`_^\1\\5j\yd(U9CV٨9\84)x-\5jKZ!yz8A%t,к7>$Pc6\\\\e%_Vd`-5S.z\I\4\{[}z\s;{CDTĉx1#9\\q\ a\ \0\I\\}\b8*72BV8>\EXZm>d\HU\IL$TM	A24\Ȫ$je$\nr\\\~xntڗw7.\\\9ijm\\\N\4,cVM&mީ\>\\\"F\G2UF4\7\"\N\N>dҧ6R#U>&\ e\\Z\\RQU\vV\TdBӳ+\\))&L^2uJſi&GZdAA\[\@Y\@$elZ\\1&и\'=F1\9\\dAZ\\Z\@^!3\Kbf>\	$ul,To>U:Z\K0\7OYulxqY[fm\	\K7I\y\\\G&N4W\\$c\\eZ_\r-PǙS&YUj\K;}zmSZ,x\R\R\7t=jL\{\\3\l\j,Pzf9HJ\\)\q1#=Uzc\\\z\\\d9C\0oJ\\Mөy\1\s\ķ\\\O\*2\MNR\0y\6\R>Ć\P`A3X\,\0=Fe\\"?̯nNA[\rnӵjU8r&\W\Y\*\\p\g^;vO\{+ɝ49\F~͇hJK&[UG\u\CSZ݅\:\-nź\\\j\H\3F\kXW*\\\'\uR\-W\݇\06q0N抍\q*7<w5\c\\%QtĢX\\x)W\c\py\tfRӫ̛FR0\Bu\ZIT\8%aD$Su \n\98C\\H\n\\\(9|i}ӧ\\ԪrD_mө\\3-7q ]Wؤka3\3!Լ!dL 뚡[,ēqxj,ee\a\[9&Bry\VB\y\KhXҨj8\\t\=\=<a/\ڻ[TZ:\\Z2\\Vp#\\\m\r\\'UTu\Z@[Izݙk1[\,eե\2\"XYm\'O{U\\8a~zkv\/t\\\\P\\axI\Ԝ\S\\\'\|?AOz75q\4a\64[\\5}\H\\tK\\i\\Z\WnL\V[/YL&V\C\/j\\\\\G\̫ĽS<\>\0\e9[+\ƪrGplĈ\\5\12֙\Z{G㘀`HT.\2$\t\/\0\QFP\;\"it\Z_\i/PmP>%?\EFQUM	uJ\1\2X,\W\>o;٣\zEF^\\_7ca0ZҬ-*eu$k\\(\\\cI\U0\m|7N\Sҵt\}Y\JԿEqN%\P\O\+7I+`O\\Jf\s&\\mҀ\K\Zj\h\Y-kh\\&0o\Y;\\\\rQ%K#QAZ\\\_\\ZlQP\\0e^0-=dL\"L\Z)\\ywz\'(?\e\h\=A>:\i\=xʌG\w\L%mZw>\zUU\IU\0\\t\i\?\Ϻ&%\Q\Ir83IuvEOXġ\މ 莑,\0hx\EIq\\\ds\6}CQ:uL\yL\\\DY\\)UE\\1a@=I1\8.Pw\@\\j4\r\+s\\fx?A_\\idD\\nҶ;H1\-UB\7Ek|g4\RjoR\U9c+\ڐ=8\_ˬ\+W9\\S\t\\	\5k+v\0\e\㈟a\![\MZ[\w\<̮BR\aʜ\\\o5\3q9\\\H&IOZ\0\E$2$\\03:Vw\	\s4J)]	&vZXeq,|U]*j5?N\TW´\\'\\\\؋3\8E\rcsV$D55̄*\0癥~\"a\Z%=%W>ң\KWփ(\\Z%\w0\3+F1Udv@˽Nh\ڨq\%\rG\0q\\A)&NA@\nab\n6\u½>\\\d\nytr+էeNfv\HQĵ¢\ʔ)\kxe\\mB᩟Ej9*y/\aZ\j\i\0SPe!u\q\w\\\fv\0&ֳ)\eJ9=\ҨzLlJT\ՊM\y\Q}H\ZxӉ-,ZйZza8*\"\\0Mg=\\\R*ǎ%m\0\5ڵ@Js3wT\yN]\z\e\\n\'h7;L\\\h\Z[:7sZbu<\z.mk̽F4\j̟F\P9T+`\5:Rޠ\YQyHZ\=IOV\nd\Lq)OHeK*\\I\G\eL\r<^y\\'\\n\-\\Z5\g9}S?mRRG\fa2ڰԵED\&\\\z2M\$1M`\7ṕuTX(2\c#2K\)\\E۞d5vG0\%)*sԆ<	#qs2:\rtQW~\\Lge\\\\\`{u\@\^ih\8Ҵzd\QO\ߟ*\\W;[P\\rM\Z-\\뒹Rw3$u\r:Z\4Ҧ8\.\\5\\y\\e\3M\T\j*\mJ\&h$\\0Y?8\	Gp]\\\"oϜ@j-[&^\\\\Zt\y\S{\\r\\\\g5l蘈1rw`j>\\\\\rVG5p\*YMElS\Pj\K~%\GY\\\\O\\\ӛkZ+_U\\g\'Myc9\!\[\4`\<>\(ROX3ѼS\/Dֺu:5\00˯u\nU^dra|:\ISʷ$0\E\5s\0\\\0\\"s\\O|F;<w{K:4	5\]-\"\+.)#B/\\*6D`\ߩa\4_M\\t `x2EqNJ崓=5mOOR\RV[)\\F\Zwv\WO]\\UÒ!\^/*\)n\\\0-j~[-\7v݉\jj\hX\\ZI\5(V<fVjWȬ%\0nʨ7n\X\H\-tu4ϴ\jEɢ\՜M5l\ޫq`[\J\OK?\!#[X-D<\ue3^\8Y\ \'2\9fݟna\n(sPG\;PDu*\rO3՝\\\0j=MsgBޣ\\\v`+zmM.@Mr.o\Z}R5;L]?3.|E/U<\\x5\j\)\\\\'ek,oh\ztjlթ;X8sh\\\\G\\\\\Z\~\M}31wR꾝Rr>F\d8\\)\0H41\\\U)e9\Zy쬚dk\01\Z\N\03ִ;;E\D\\t\\\tEB\ۉ\z45-?\02)ݷ{\\nـ\٫\o<\?a\JRGBj\JRʗ6LW\N.ړdt\"\0LN\`Ӕ/\m\r,J\P\\\as5\Z\\%ɗ\rcO\\/\\~`\;\c)g[DVfA\\Z1\\k61NG\\܃N\\d^\:W$ !\a\0+\n267y(W$˭A=<Ve0̻Ď\\cIKA:pb7t\\FゑwIv\J̆\V913Y5QPp8}Rƕ\ֲ\#(<̏&ҮO\W4\\' D2Ig-+\'ghEP{2s~!#\\Wz>XT\\\9R&g\u\*?\h\\\v\u\d-J\u\y\?*\>\z\e\rlG\yw}pL+PG\\0À\(ȂX\y\0IPq4԰etw\	9&g2#\\\n+rExW_)\fjb~f\\Afv򟨌Mk,\\aT\\rKsKz\'M,\/=ٸk\ù\\ͽ]\]j6c0KP\\\[\ݎf*\\p2ƹ\\\\J%`1mA\\YV\1.\8\ƑV\\Z\')\\ṪNIC\\\ِi\\bHx\ytW\n4\xr\ˠG\eg5\Aɀj0sS8\\\K<ĈIޏ`\0R}D{ENCF\	\h\$KvV{Z\ۖe\缺4zNkTV\"F\\0KFT\019mgDU-[\n\x\\ϕwCEN8\\?T:TiRM\\\cCyS̻\\37U]\w\\է\\܃\LuD4\8}\"\\Z\ʟfH 2uZ\Qꌺ\\	\)ژRN?\\0E1Pq\\'\F<E5jH\\Zy\U\\UK1s\\F1m\u&\3\|\-}ISg|=C\\5}B5\\Z\gۯLVs\\\aZ\0A5E1Y=ф}@\\UaHq1n\n\F6D[`׌ȵj>k\\\Y_$կO;ƳhȜ2\#\ZiE\\re׆\n\A{Ȓ|#\[j\n\hr\'\\\r\Z\ \\'_\\{\\hx&\0\=\\qkLtmn\UX1g\\VE1iaJkcetR\Ե_M#oMC\aMP֨[\'\ny\?\fzcuTv3\ߏB\\\gPgNӍ*}\3Gf\\\\x*eT:d\:EᅣW̵\\\\h\>m\nnʩ̭}!\\D	TiI?Q.ʿ2=F\j23\\0\-\AkGdḑ%%u]+Q8-b\T\Pհ}r\6sjM\3\ghee٦\\ 闪:\\r\Z\\9Xk\{Zi\ƝtZ;򲺢9_i=+]N\\$ѓ|]\\-\\y\0?\!\Ds\RʮtQ\%[qO?h\\"NהOX8<\b Ք\:\!3YxsV\=23\2\\~\8P0˳/ğGs`:)\[\)^{ F\MQ\0\%=n\)D>Ro\yUuō\ZMsIE\l\t\ɺ\o\'amX#(*OfsZ\\\=Jc;\MV\Ñ\۵#LSL̥\*A\afq\\\Z\\,m@\b]TUbn9?i1rB区\\/\ޭ&P\d\Ib7\{]U\MB/`ϻɩˉ._\\u\gZUT=\\R\O8ӬQ-ܫ۶\/;pT\PFycEm+DJ1 >\$flS?&*HJ\<\	cǴ%kw|\WE\"\)>FdL#5~ԗ:$\yaL\ZO3:\\YVm1MjciSvn\\t\6E\|\JS,:@Ҽ?xi0T\\s\q\Yԝjje(j\/̙&(;2b\\{IBN=\\;\@\ Q,,]+G_\r4\\i\\rW\\r;Brʸ3FEJXa&e\\rMČi=^҃!*\rsnX6c/\ai\\rs\dhZ\]}5oU\r*.2zk&܋:Y\D\0u0+!j\?.Fg\*8:CΨ\=Lfp\'+rda\\M}\\>\ba-*b*TN27y\J\\M\+\r\{\\n\\"^9Z\\\Z=\.\\3=yO\B\\\]O \Mkv6-t\}\\fJ\<JKQQ\\ZN=9iӵ\0\Fgi\5YFf,mY\n70\i\jd	\\C\"\\i\rG<MbYKWjʉ\RYedl촥\:?@@\a\\0\Ӫ\@$|\6eMx3\PڜFra*t`X\Zej\ĕBW;JYfXGb+\\\=\rs)MX\&q`\w\-OdJ\_2 q5괨;\\\wo:Z0Zy\@xz\ni*xf^\\\y^F%ѵ5sOxgj`0eVBǟ̹\+\UmKwD\\Mq\\ֶtJc\>%Es\\Vh@\'+5ֳ]j\\Z\\\\ZN\qLq\8\\X}4ӑ+\\O\ۉo\\ZijI\v\\Ij[X8S<oSQWv<L˥Nsy7|A}\+sWus(+o\\@)\8\\]Dr\\Z*}yJd\\\\Zk\?0z\WʛNJas4>Ѯu\N:h|\l\Z\nu\\JHƙ\o|1oZ\Ta\#\˖\\?\>\%+d\n\-\v߼%ZIe<e\hmsZιE3{[\\*O/YQgWz\^^\͹dN=\ö\\i<J\rbZk\\p\\\\\\Zft\7M\I\Z\*\\RƎ\\\\\it](SM9ɥ5}/\\\P\\\\rw]{c\\\ ]:\L)\5\u*$nq\\\L4P\2Q#djt\0Q*\ܙ\\\\\\\T\#T%\\\r1P\g$L\v\\gVΞH\@>~)a^5όK=2\\__Ա \koRT\We%>\\,U0K_\Vy\S\MZڥ\?>沷85[\;T6\i\Mf~3\\\>M4\3A\\\sO9_\a_˪IjE\\4;Rv8\#\\\&t\Qǭ\V\d\0Z\*ԥT4}F/\\Q*@\D\0\0x&O7\Z-b\r~򮭡\\\踨}\\u\U\&Srq\\]o6czbg\o[\8O̮\\\nl<cgn\\`l\;˲j\\\\\9@$\Myr\H\Ezu]|\A\\\\0\j㸴md\4$\H\2Nԯ]\G\"K\b63.]6R\0d\\\(y?\f*PꂫM\1\b\[B\\@q3j<\V\`\`\\I<M=\nbI6z\T\D{\X\q%i\o9\o\5\ơ\\\2]ZUWn\\/	Ӷn\"VokCz\\&\\)w\sWԎx\\Qܕ\CF4ܲ\+92\k]sJ\0\EX\0s0v\Ze v\Q\r\y\\ij>\\\\\b\\\B\iw]T]Zg\\U%dJ\EVp[\\nÒL1O,c\C<`L/\\iY\[\\"!\\oy/9AeᄸI+Z\7K_ӊ92x\\V~c\\7\\+0<##W\K]ềTf\14byXӹ<OEӮV\0	\\\VEH\43nUZJ\\\\\?\0\ˮ)NAGb]k]F Jj@\xt\R-jla\f\G\\"*36Z3b\9\sə\0s3(\0H\icm&\\\C\$j\8\\\1\\K\k\#n=sSMh\\%q$\\\"\^%m\zLҾ\\2T\I\7)\FjP\=wO\e1\U{Ld\K\`ΊY\W\\htywT\BYT)PM.[\\|;{\[px.O\rUy\\-f^Zv&kJMr&/-\\Fd;sĘ\TXxe_Zp݌\M(ă.TK6^\'%ݜe:#\\gN0\$Ҋ\\\"TSO\P0D,l+(b\\Hxz̊+\-4\;;w0ҫ;J+F\2as\\Z*O;뻜$D]\\\%1\\2\pzZ\\'r\-|\0\0Jf\ٗ\\uzJӳ-r\tz\\[)>q\\0	xE*ȬO2g|3F\ޛ:\\\꺕\r&ŪTe \sU\{Lɗ/gZ\Z\n\3\|i\ʚVb\ ;Nd?\Zx\[\Gpz\f|\v\O[\\N\\\|\{3ĐjILIoا*P\ۇq]]\=oLbdz\D8,\Zmgn\\O%jS]\N1=駅hi\ryp\q7	\Ǜ\\}\[nҝ^\Mq&\#&C[\n+\	qW\B2`\{97D֫\z5*nI}[\\ө۷O4ծ99\py=\qUm\7\0$\ԩ\\z̹`<)V}\+Rr!w\\y\\\oP6\\\ͣ_ԣj)<\'e>C\d\0\Zj\{p\"dS\04yP\\\[\f%\SXJQo+/\J[\\'\\ih}UF\O\"\/\\\r\\ƶ\\\{i\r*5\tL\\2_.\\\},ГSԒ>aNZ}o-/\ODwQ{39\y5\L\44=\iO\\\ZCaz\*[Qo}DQK\P\Z\0\zDL\">w\wKR\}G\\Za	ܑrˉD=D6lO\\@\\>AUǼap\{6-\wă=\#\=J.,\yq\-\nxX}\p\9CaUU\88Tjt\570\kJ\/͕\\"gi\\csi\J{HQy\wT\0H\_ھlj\g\by\?\N[CQ%h7g\\CP\\.\0\z\̙\\\G\B\(7g\\YD\DzU\\\)0\zAxK\5\J\\_\J4V$6~h\AI~ ӓP\@\w\\	\\0+x\qY\n\a<oZܯCg#VPЧpfz\o{G:΂U8\\p=j3\!A\\2g{l\=\Z ,\\`0E`VR0cE\D\\Dn,\T	godr\'u%\hd5=6bP?\z[UYH`3+/,iT<\"\Rq4cǪ0\s5u\S܃ubOmf|\lęuG\&@va4*۟ɭ\<p%~j\ c\J\huaJ\dpZ-},N`i\9>о\+\r	bm\pGm4J\\<\&Ѫ\snr\\\}f\>${j\9Ns\5\ejd㙈N\zNL=6]VJs\RQ)$\i6,TNK	\j\th\\\LߊcD\NO\*\?D}fml\[!-11\A\\X	0zE/sC\J`\ʻZE*6#J6+4ji\v-\Fc\\\Y\\0\:˼؊{\en\#\\&\\ w!\b\&eXr\-\M~H\5;H\\Q^R\kn-\P\\\\'e\j{K)\)\gE%\xh?rC/3\<=p\\'<O\k\V}~gUև\\r\\i\\\͔Y\f\\\\n~\%}\\DlŤ2K\L<q\ ,\㻻50V<\\3(,I=L\\\\ċ~\\\08ړ﬊i3\\Q@<Q\\ĳ5bqW8\^\0\Spg\8$\).$j9s\L\\8Jjo|KYCD\\^qGB3\\1K\\P\hv0U~\'w:\8:\d\R\\A5c\\\,ֱriL\\'0<\\\\Ȩv\eM3\\\s\\/&\r0eȦ\ĎsĸժBT穕\0Fe`Ԍ:p\Z?3mClt,\#\\Np\\})jZ\չ]Ա=\*)᧤g}?jZGi\\\i\\z\In\'UmKn5z-m\̖\蕫\ٙ\Ktz]\sY\\"FB7\'zb]\8\\\Y=ީV;W\0\3A\Ksj\Lƞ\]G\\c8:n>A\\\\\'\ڶ|Ⱥ\~Ne\0][\iʰ;N-mh%\w\>slLh^\B]7G_\}7]2o6f\kM\Q%\07=\\0T/\Ik5\E3/m\}\/\LwO$\"stupuA>E?MV\\\'\E]a7p\]?PkRT Lu\e\\0U\\rMB\<\\Və\\\\'\--7\z\2Mɳ\\r)1\~4ԩ\\H\f/XWoD\t*\!2\\\^t\a(\\\BR,FNȐ{&=d\7ih\`g\"YZhΕT6q\&omސR\omMΡiO<Χ\7{(\n}\N76TQ)_O촣~D\P6%-V\}G\\JJ+Oz\r\,ŉ\\0y\ι\ǳ!\VjΧ<{ƵM\Qpx\͝sށ\\r]\\fN\ڽ0ȹ2iR̠d\W\\HU\pL8\W\JV̋D@ӌa\sN2\"SG\}\+6\\AF\HFO\\\\ƥM\sBꠤRd4\ؕjZ2\5ZQHS\g\v\R\Sj\oĩZF	\iu0*0C~fbwq̞t\\ncq\EMFC\\'\BD\ֿl\2ERc&d=\\n{WY\0gjZ\nlpDG\\o\H\ \1\b0\%CP2\\\_j3IZs\H\5ϲLͭ,\9\ঘA\Ev{\@3iN,S\E\\-\9K?N5?O%8s+v&\}5@8\=\v3cU8\e@ȼ\\ؚ\I	2Y\\h\.{Gßj\Rɘ?\n	\.[\qpI\Z\-\ZcYFav\\03\\!\Cs\ۉ&֏2\"T>X\r\,\QUZL\Z\Ta\\#\Fr}\\\;AkҦF.J\5`\n\̂w$\n\\bTB`T\\Z\\0J2\aZu\\"-b\\3#i\RS\0,\2y\,\T\RU\R&oG=\IHy5\}uOL\:\ʧ\u\\gx}SIY\\;\:!\TGRućC:\6C/Q\\\=D\>,.87ڲu\\HU\D[6\{69D\IJʝANO\!PSZc\\ڽKZ!\"h❸\'7\U|\r\r\'-\\IK\\\i\a \%K:٪\htDi\\.&\K-^\n`椩\i.H3\~it\3\]zE|\z4:.\\u\\wZv\07\7\iTqǺ\\ru]1\\ͭ\>2\\c\V\\Uu[\C9N\t\;k[\&\(܋n*\0ԫ\"\0#m\Zn#4\\n+XӧOo:\\"\~b,J\bQ]Qd}l2\	.\\\"ִ1T02\G\Y\{$\=#ήS57\\4\8\W\?V\\*7{Hv\\$#O:\\x\"ƣ\\m_\ms5ZmQt>anj\\\3\m\#u΢ڙw^yz\u\ؙ\~\B\?\̾\l\)tƥR\Z+c\Ro\\\\կ4e\[\X\6\%ꚪ8?6KLe3f\O\r\%;e%}=;\nN\D\`we\|s\\̾ي?\\*8\\杖]Fe\\n\\rZ\\\iO4֏\,\:x,ˌ0\0FX*+.\aZ\f	\ey\h\MNd\1\\-i6͌q$&g\ej[GYsP|M+q6N\\\6\;˔[D<q`mԮ\nlu\2\\*=-%ҍV\O\\A\xf5JGy><E\Z\?L\\~,ԋ-:>J\0\\\Z)\\\i4:\\v\)5=J\\\O啂\\o#Ԩտ\'\r^]tժw?i\\*\rP\h/\3){T\:ٿ3\"s_16\_i{g\\Kjֈ@\ٓZ\n)v8\Wxo]gL3+\+ݎ7N_9\Raҡ\iUك$)\\z\O\љۓ4C[`h`\\"1w\':?jAL\n\~&/I\\)c\\S\\l(\i*H\=\:]>\\\fD\	\\\\\#owŚRʃ6{`)mZ[{ΩM\\cM7~\u\Ϳ0+\>\_;i=\50@9Va\OeǤʐ0x(\=M\\\Ul!wdrdP \Z\㩬ug5[+\<@׸\0[\\>\-J\\	\\&EwR];vؖ\G\"fe0\:\yG\V;\vХCk\Κe*<B?\)_HG@qMyT\HG&L}i[\sgH!Pw8Ҍ/)\S\\fG{NA\*37!Ca{XЩ\ve\'Npr}N$\rI|\\<O\CH;/J\+\\E\E<\LZ\eL\\f\\ɯG\n10#\\\\xe\aсrD\\\u2-\Z%\^\\\u\ڵLF\,;sAX\P}fEժ8N(57\\\Z5\w\nȀCV\ׁXLpT\!\i#UTvI̶rꩁ)u\\۟Sݮs)2t\d<%D\E8RX^\L\?\ZWkM8h\\)s:i.k\߼M<p>g}<*\Ny4s]oHp3&\\$\\[c\Q:z?\$\\G\hF\\n]G!ГcGp\\'\\425z8u\\njn|g	&ޞKXNөoa\\\6\Ϸ\\Ǥ4)\n3tU:\\5g6KK\30\EܧW_=PA<E[\PumA\1\2\^\{,\{I\Z\`bmRi-\rKkuL\m1R\f&	wjE23:Y\֭}\\z\i\gQ\\\rH5n\\^gW\2TC[ZښpWpI \\\Z\EIѬ1G/\q\\\n\]\y\UY\J*s\\"Vpĕ\S\'o=\;z\뷜%\T}\&ZӸd\\ \dR\0W53SK)\_)R\w5WEy2U\\\t\xN\P\lR2sԙT\wN\ae\޺F)uӯqXyʪxj⯄-\~\0R5޷\U8\v\\]s%<\J\ZQ\w\\T\Pzz~Qͷӹ\mgʷi|9M\V*\wzO\\\r\cP\^\\\UE\SwP\0iQHı\	\3׉Ds9\\B}\̑\X\0?\vx\H;w0\#g80[\1jy,Cc\+h\?dS\Xs\n]6\niX\\Ɔ&D\J\k\y-\	Ȁ&rdLk\\1p\DS\uA̂\,qG%\{:\H\芷\n\)\ҵ\\+)j \=Yl\{߂l\6\*#TaO9\\LRQ\"vV>9-?Xɦ>d\qc֢\\%%%9Z~&H3siKݵ5;TyGh\0É\J؏L\$g#\\\#\{i\nI1\l\\?(P\\;K\O;#*_M\ՇJ\\\6\*z\t\ro{F\nh\uCD{\wWZI՟4Z\Nd\0Ǔ1VՍed}I\\\_\KsmS;3!v\\p\'s1\\r4\s\HԨ\Z$\\<\W\x8=\$I\\P\0fL\AA\RƆR\z\4]\3\\#\ead\3=\y\GD{#vŴvJU.bz/\*zZZ\JOsx\gY\\\k}T\ί\x\j\J\\a\,nZ!\r)\}@VrW]o/\'\\1ʅ%\SV\\Zzp\\a\0cЩ)5J{\)0\"%!0\\'\\'A\Tǫq:9s\ߦ*iR\HTaM\m%n?Aqk[\\ԿG\\C9\,oh\W)\;#8\׊\\E/r\rc#\j=홝P]\^\\x\2zSuO\d,\\F][yd&~\ 6(G/ow!,=\,\Z2\\e{.*\[qM}]89\P	\NkYqP\H,--&M!qmD-,AǴZ瓃:\(L##%Ptjީin\0N\IyHؙ!\H	\n`ԫ.-	y_gO\\S9\\82\KSH.*\\ϴ\l>Sa\d1ĔhʽRd\{+~ʭJ\餹W&,\\Ϫ{f0|\\m\:yEi\Nn>7!@ \\%ț9\`\	Ǹ\<Gޜ\1\c}U\0z̥H\MT\\!a\;7H\^\@f\K\	>\d\[\&\n8Z}gSN\:\@S\\Z\}NӨls&h\eD\p`|\@N\\HIki&Sjy2{I>\&coBg̵\\(\oĳ:)D\SPxc\\\-\\\aSgFљF[T\|M\ѕ\ru-H\j8C3nSn~#i]\vyѫ\O>\;ݫ\\r/=<H71tE\\\LǘI\\\~u&kzD\jdM,9\R_\'\\\;Y|io\\\Cn\Lc\\WR	8\`,gg+\m]Vr[\js\\:[VڣK\ZUs\o\~S\o \`\ui\F\25\\h@\#\2iq<\/ju\\0|^\\֕\R4\\պ\a~3fFF90\mk\1S\\"H܉Z\\-<0+w\0hE2\\qEf\3\_\rAǹ\\#?zL84.b\ `DD\$ҵ$u$\\\M\tS-<\J U\wR\ q+\2D:\P} \\\"5J/\Q\0\\!*I;t\CVw[\\neT3Tjkx\Z}XiwoJQFHKD\eAo#\ڽz5*QRו2.G\\\߳\gɿ>45m%)\\$\\-ALЂGz\\\쪡\\1V4#\o\kA?\\r{|\		y\A\b{pdZ\\n\F=/SFу}ؕ.\hm\Vz\M\\Ҿ^]\-nΥGG_$\\Uhi\kp*S1\\CЬT\L\=\j\mO\r\sދdebÈyM[\RTa!\\IӯX\mk\-\\oSMf\\e585cz\Ѽ!F\@.\3Vۍ\$jwچUV.&v\Ŵ\֕\$\\s*|E\\ZRZ=:\9\<MV[[_\Qn\0\+c,\\ǽ>C\\\>\ڰ\A>ʟlJ\]alKTx\^ڼ*i^p\\n|\n\52e׻e\Yiڑ\0\\E\qio\]\\=C\6zv`M0\c\rG돭oxV\\V4\\\pH z,ZXfSxƖZm\Z5\0Lx]\=*Y\\k\m\8ը뺍Jv9\\T	Luѐh6\\0un\9&yl\ĻߣP\骩% jf>\\sS\ih:֕J+^!\(\ˍd\S\ޘv\E`\P\\)r\1>\Dlmhc)yk$y\'\q^uj;\\\z~qԛLC\S6\ėEA#\mTM=\"\\n\0\\&\8Z:\E\\"G\0p\"\ATlrnrY\\K\fYR\0LQj5<듉s\q\(lZ\s_\\DU\Z\	j\\M\?Q6:9	_Kz\>\\Zg\0L7\Mʐ~\'\\%\\"wrpvhm\$jk̐\w41DF\EK\L.d\vꃏyF\\h-iRL\;i\d\B~Y\yb\[0_iI&\m(4\\n\'	9KJk>\Z5js#ש\1ig\\HIv\\˅\Ki\Zsh\=\\Z?dIG\N\3M#\&r!=ӆ?d\\DJ4AW\fd\$yG2\"}#&2\Nң;$\9R>Y2dk\{\N?l.T\o\\2\W\\\s%Uz|6\G\\*2\j\\i1T\s.lԅ\xfS	\nc\y0]8mW3.5^\@\lϣ`\TKU\\18\,cp#\hk,1\"Sy{IL\i\\'@\"mU+V;\t\Z1\\*\rM$̬48@\2SC\/\\0!vGp9H^u\_\ԍ>\ͪ	\\l\G^\=Cõ/r\\3\\\\\9rx\|yGmCOV\P3~S[\nWN\S\n\rQ5Lu9\_+)1?Uhǖ14\\M\*ji2o\cƓfAϧɖZ9S\\TK]K\\js6\D\\Ҩi:%TTO23/\"ՐQ^\I\%V\ҧ2\G\nÏc	\\DP\.\U*L\U?i\!e\$\\S	cCCu!c\Pbehi	S\nU^Ȉ\T)V\!\T\t\r\Z\9sN e\Sۑ\7A\\hV(ó.\J5>W\%\;j3:?\,QHgm\s#uJ011\\L,j\Xq\Z\I1;9!\0L\7\\wԎ*\\qd\Z=3\w=F\ޝ=4t\~g[\5>\WX5Jy\\\\\֧{\\[\\\l_N1055\Z*cjˀZ\\z[\wf,ǙV)9+\eN+V,L\uk\|wbPKfMN[ݼAW\1٤A\\\Z\h\"*3S3KcXR\"PQx2]:3:)^Y\V_T\Z`푛R)\u\N^\\ahvϴf\\\O\09ZT\:\+З\]\F\ \ǧ\k	\s\i&\"jfHL\ /%m3) 1Ա\d:\ub\_\7\"\0,R\=̯?UXK\\m16\\\Qhw\M-`QDuJ%\I\&\b\`\w~\'M\\r9٬\'[x@\O\>GƮ[x4gM\;\\U1:}G\s8\`x0L>4!M%U\bSxmG\zǃ8//K37\If2M\r~$`}Bs̻s\\\c-Fn\0\{\H\F\\\8\XiޙEeS4\\ZЩ\\\B\9s	H\ATRXMgHuU:Ȝ\I\k\hr݄I1\Pm9 !ĎX\0GSQ-$\n\\al\61\a\\BcJ	\\?nS8&5X\]y?\rq4F\\Zẋn\Z\	&J$\r\gx8@&@\\n\BSL\L\4\bFTo\x\fNL5<\SqG\'|pi\n<Ryeĝj\3\\m\?\m7X\G\۞!^aTu%Q%\F#\\BnXVL\\]p%\\n\\VE:\\ˊq\8w6~GRS<J	Xݞa6E6\\e<C82Eϼ C\\Z;CR\\0~$\:U\Z\\\x\'Nk\R\\rg\^\NaѨSK\4\\ǂ\Β\\-\Zj#\\uEf\\vZ=a\\f\x޿XUze=J\*\CV\3f@S<\\"*Ŭ\0\*uWW?\|)4\ @I#9=\\//<\Vu\c|[\4N)\bhݾ=.W0j=geM\0\mgQꁹIXKj\EN\n\AWc8*u6GpT|\j֮j\\\t\\n0<\r$SPgju&3VuNU\A3\0c\\2!\$P\B\"j\%-*1F\`\\CF\Z8&m\rB\dgR\2ȴ\ylq,i\-t\\&tE9\꣱lsiK9̰Դr\xQl:18\\	c0\0 a1R1d\*\0\y;9\&h1\	p\v\\nx,~zEU,9EN:zPO4\L:89*ZJN\r\\\'Un8aU%ҧ2#(R\\;%6\ޔaiZ[hzJ\\\\V,\xۤA@c2\\Hj;\	)\i%KTfR\촻75A:?;kǫ\~9T\y\Z\\\/(+$o\\9\46ös:\uB\0ejV|BT\4?\D|\?U@0U@\\i\\\-)\nb\}5a\0\2=L[?882q֯\\ըS\<m\0\S6j˙\\HD{\R\0C\\\e\6D_\\1> \0&n\\\}S[!β\'מ\(\0O<@\\"}\tۦ\` u#ף㓈\\\sAeOVY\\fTp\0	e\\g\\WVlW;\^\\\0D\\Aߘv8oa	Z}^.\0\\~x71\U\\E`\>`\\%#\\\W],}#ԝD\\M9\Z\\8}um&HF\63:Wj\߬9\F\x@н1\\:T̬1^$\\8`DU$Ny\\\V$88p\1D\\gT@Ԉr\0M)c#\O%v`\nwɶAR<6y[\fN\<ݽK3\|9?2:\\\'S\0\\Ш%aɌ-\9Y\X*>TN1$!\\sJC\T\WPdZ\\V\\	nؓ\"W+mi-4L	q\\ʞ񑂮\&\\\r\\\rlZ\!\"շ\r\\'Q\8*ە\ \0>\a̍Z\\'\%ŋ\$\\5\0M\n˄S\\\=@[\Rep!6iA\\ZT\/Vue\By_iޭJ1ϧk%Uac\m6\reFMx\xGԟVw\\3s\[Y\t=#\\r}wRQsf?#B<n*^\* \\\y\n\+<[\m/jP\b5\"\S\c\%7ekP\\\\Y9gk/\	_ΧiDӯMv$;ZJ\\mgRq\O[\;UZ\by\\t=ON\\'\\\KWu\w+,タL-Y#mi\h\0\\##f>u\!&2vIcY8H<\"ĔzzehL\Z ;\P\lǢ\悔\]0mR$`Yv\V\=,sZ99]\:\\q\)jmZ\9=GTO\\\\"6 S\ *\D\"=\ѥq/Bǅ\\"LvG]\XU(+\\\]\F̜7f/sɄ\#Ts$ҧ\Ji̖55r\0m\6fl(\rysxv\S][a=\|ܽ:bN}BҦw\=c^k`(i蕟M\\\Z\"2/y\^x\Y}[mй!@3\|k\Z\Rp`|_\;j\\\w}\̻(V_sLY|1*AoMwx%\M\!2=q$)x1L\\Cfv=j\\'\#l\{1\Z\٪e\\G\\:\?Pߩǡswp%4\{\AT\yҲ&Zz\C\\SdfgfdUįj\8\_Y&\bs\\xL	6\Nj\ih)\LΎp\\&bJ\Zmo[%ĭ3\7Ӻ&T>\i찠=	\ћ_\xd,\|zJ=uqpwMi\x-\\i\\3z\\"0L\<C*eW\ָ\uza\\\2M-\\	 9v8\sG\ODV	\-/dҧ妍tֵ\\5fj2\R\\%@@\\\:aј\\r:\"<*\0w6\fnFt\\72m\A3\\Wg9OG\qEC(ۃ81\	ف2G\MEə\n\9\jkO[q\"c|QVPԠ0\x{U+f\m\\I\쭢X[^@\i\`<\\\rz#5	E3\n\>]$`F}<H\B6\jLK}\=F#d\\JN\#ՠ0\\r$\h\ND\,S,\İm6\ϼ\r&(\0\+f*\鄴PgVQrm]U,\\@L\/3Ԗ\h=N{uR\rfFaJ-J8\+023ҚEW\03 \m17J\\`ܐ!\f2N1$%o\2 _x&kZR\bHK;0\'0S8S_kXq\>L7I6)e`b\}攙\uSwj%Iz\2\073X\hG}[\nc]G\MZ߭+ΰ\ϼWY$fKHhRn ˓@eL9UYBO&$qsH\>I\\OmF$UTjkܴƝLRҵ\\F:\\z(^]NԽ?6Hd\eg\vFL}`\U\\\'\$gRNL\rӨ\L\\Sns\\\'#c\H\\$\cϴ3\',_\\3\g cJ\(\+I9Ls,@ c#qRb\fR1\\\\\DetcBs\Dfl<l\\b\L0\8L\C0\I=F\ذE\@Z\\`9GP\H\\'\L}so\JDo\c)9\fBzH@\Lj\2\\'\Zt\\{M\\g\?\Wҳc\~%=ӊT\\Z\\\Zu\۾3uƭY^D\\UTPdk{m2TDD_\y|t)\\\\֮k^W\3񍾋E\I\\r~_&L\\G\Aj\;\\E5\\\\\ˎvZ\\tKdU;\w\\h$q\ƶtH\R|ÔOQ闧S\Zg}I7LϷ<IU&\D\X\\51YTTM8U\I-\\I\L \d[d\9K\Z(\'21%I\9+Ԇg\vJ\$PZy\q\\Z\<2\'mA\\\F\BiT\lתe=\\\\w,\}#HO	\nz%f$=|zi\\\\09Ƀz\EK&\iHLchD\P%\%S)\0| q.j\z~\nʟ|\XJ\`7d9\\rRj\0zS!\LǠJ\c]\mj]M7\\\}A5ko\\\-j\'SmI?_\t\\J܎\5EO)5tyޱ.#Y\ `\pҟqF\2=\\N\UgQ\I\g\3\\~5[*\i4=`\\\n&b\Fra\XqzL2^eqN\nx2_\\j*^\@u\3;\\eYi\9׻\#\\of_;k:?;h5\tVr\({\2v\)T`})Ҳ81\"\0rpхʞWk#m\ؑn\TlLD\\T{\%rsY9<\\P\2\\2\\\ZͰu`zf\\Z;zj`\ͩ\Tr8fN\_iTuM4V\<\f\\\T\\Ļr*\X\\\\Q\Fd9\\\\\[i1A`638\[\YS9eęSҙzAFFaF6S\\\%ĢB\$vO\\00oHKЈ2\"n\+ (V\\0ܘzKZ\N}E\\cd\	opOF=#ǀPi\'\"+\LlE\9vq(id\\Z[H\peI\T#3J\\hlh\\0?tmeCOt$MU[9m\p&G\\X;-r2-[\`Tםe7Ź]S~ORҰweU\gN\U\\s2Wt\U\.\ۇroRp2&W\v\IS\l\ۑ\\qlт ߉C\\49\#4iXOy\iV!(3\3Ehņ 90\\ D~:2p$ a҈2-&\\\O;֕\L(AIG0\\1\`^NL\4E\P{NZf=pNF\n\#xPvm\\iAi-#5)I_ĳ\\\q\i\NP\\@r6\\'O\\[MN\5\[Uuj\\vzMR_qz_c\\^\J\ժҬ\\A\\\V]\'Z{O ̤4\82ұ¼o֣\Q\G\\O=\U\z\/A@7\\rI\MCNku\_>8mJr\|\gDeE&:}\/\^&y\"{b,\[\[\_[ʝ3̢\.y,Ѹ\\)<q*(\\\Z\K)\'\\\\\Y\n>xŪ\Zh= \1\5\\eR͖\I3>\\j&s\n%T!\0\0h\tBQ\%{-^dj]Gq\\\O\*i[$e\3\\\CO\*\=FTT\u\\` 4j\\$\\eF\A?2T\dq!6Ձ\\\\gU<JZnZTǻbj\FS^	mC\N8Z0\/>X\0\5n[ZĬ\\lrŷ\<EMG\Ύ\\Z\\`\4e}LbEr3\s%EQl*([\\\L.e\\Ӟ\BjI_g\_\ܛ\\lk\A7\0\6\o\03w\.\\\%\%$+ӉmgP[ZV\}r3\jl#qͶ\	2\\\\#!\_]ص-\;&<X8̥\4\I(\5X;zIӑ*Tm\re\Z\rt\ޗI\'p@\\0a`\kW5\=\\r7VBVcUI\*:}ʥJh\\\[\@\V]Uv0J{S\2\\S0F\M\01Gqm\,H\\\{W*\\#:g\go!n\#\<cL\\@\v\X\\`8ez5V8#<vr;ռy℣vnؚx\\x\\V\\/+\\H\0\/\Z\W\\mmy]6&*W\HwJ\\Ei5sf[`u\צ2UQ\"\\S\0Oi-n(I%Yq9\ŵ.\\+\R\8:*.h7?\ZS\0\jlG0q\\2\\$\ZH\OiLQbGe+ܔ\e\\\H7ol\\H\	D\r!\\"=) \bs*o?\\cF~!m\\^\%;T-PR\\R?Ps\\|ᕵ\+^^\p\\~𽶑hMOt!x\\5o|kr\\\ǫ-URR\0G\?iIwuL\'ld:(EB\\饘\nZM#\N\\\r^\#wO6k\]\V_Hn8P\U\\B~&7\&mV\\POBr*K\B\u*\\'T\\`Hx\\Ժ\\K]\\h\\\W<f\\En}8R_%!i\\)Fg3=lŏ>\\\sKčBR^\scXE>X\n\*.c\n>t`\yFq;;11\:	69G\" U\\%΍jժw\D\g_\Z0ZP$\"Rz\Ni\rbvFgi\kJf\\wWn\[i7,\^\050E \\ig3)Zo\SQW_\\6t\\]ĭ\reO\\\r\<צ\~\"*V\rNO\d6,\.\0\ˋ\\ ȕ* .sVbB(\wDU\oQ\05-٪{	u\\\qO\Y\R@V\ZNY$	τ/uB\Q\t\|+h\5\d#yF9\\Y-#۫\\0Kq/?\r)\\0\ܬ;=w\%栭N\\QSLӭuSι\0~5\0\z\R82\Z;T\5)\\\28!s)\\hOr{́\\n\Z\`B*ګyU\6dJ+S\\\-mSݻRux(OWmmqyp\'Dpc&\IJ4VʃP\\\\\Z=d./H\D\gk\d0[\1?Qk~1GH\"mU\em\B\O|)kV3hf\\O6Gt+\Ql\;\r{|q=\6MGMDD\N_^\jWR+K;fJ\90>\E*KZ~fj	\2\^*U+\P\Z\QRi5[շ˟T\zԬv\\\\bT)$\\k\/\rs+ۢ=[K\.PFۻ\=\\0\r\xf՝w&\\kx*\_\B@?L-H7.n|iemZls6\'\\:y,\=\\Pj9\\z\$bZ\\	[nV;%3\|\-\\\\\W62ԠTۜ\5\\\D-2}x2\ڶ&RSbM\\ay%Ѧ\h\ԥsD1Tp1-l/\nIiu\E\ωZԚ\'rW#R A%Q_gT9ĜXS1m\@\\\y`\s8Ul|\\aP{\1*\\8\V\%V\\9N	\cnJh*\\YGQ\\^G1]1\{\^\e\\?D\'\\\QwI$\\c\exU\\\\X:\Lt\\\)\N	B\0E\	R&mT#Q?`J4mzQOYO8zuB[֛N.`3\\knCĵk\VySoaJ\\VuP^\cf\޷Fw/fǏy&r޸\$\>\F\\3\\3.\aasi!N̡2\#2H\0\8a\\\rD]\Mda+K\\v匑D\\\}5\\"h<7hR\t\}\qGt˻|\yE\\ľ%5\\ZYUL\E#j-:AR\rX\$\k̊IZ߃\\xR{V&y\\Z\|K*w^XeM\}S\\6WL\j\0\.<SWVj[Lpo+\m?OyLVL+\i\f1\<-CGB\+uL\\O޵\\Zz8n\5 \c\\\M\\M=\\*˝\4ЫkT)Z;r\K83)VVk\ZSs\e]\Fn.I\\'(*\\\1pp$v\:9*`\\v	7Ox.$\qaA&	\A\0ggbx\Ō\\\\\v`\ɝ\A\9[* -lCy6\J.P9\\#\\h7\\\\\}DNO\yժ\\DWg\:g	=-Yڒ\8\~ZU\\R3_Tɴ?\D7u\n3\\\]\\\2mE	?J\;bG-\\"Z=4@x2=WPn\\}vaF\ޞ\Ol	uȴ\+*HgQiAio\r\(-\\?\[\'_9\\X		\\Z\aJ\M6OD\_\\bZ7\r%N\\rX\	F/gj77\ϝZⲦsw\\\uk\~\Zj)nbn?QsP\\UrriSR)\n|\9=30\%1*\r7#\\O\M\n9-:u*c\*\dbY\<	ٽj5\\;\\=)\\3Q\n\\d\\0\CK:Ԫ1E,zkcV\zfO\mJ\rrB=.eH\%֋gWU\>J|M\\Yۡll|At*U;ț\n:un\ui\QFܥZdR]9 }؝0\˸a\3u\ĸ\ݚ`\R`	\\d7OϨ7=\\?WTGg<厱_i(x0z\u\\hS6t7+<\r\\k$\gվ\)iVtP\ԍ\/ZxcM=P1flF	\Θ\\\d\nA?uQ\\\ҨH\0NU__(RA\t9\Oi.xX\\j\\U\'Rjpeh]햄C8:c\~!\!:\b\0\S>Vv\0=\c8\'\hD<\\0\{=A\	\^7\9\?\rYkT\\V\Gԏ\=\fN\>H#NP\\jV֢\H\cj4I\B\\)2x!B\\d􍉫{\0Ђx\Яcr5$4]N\\\1n\uIUlrDeZy\$|\NkS+j.\b\n#\c0޲}ɴr0e-9\NÌf_^PÐe݅\:벯\2ԫ9h4S)[j\b*\0~\<\U\p\_闥Z\~gjzrW\w\MuP\u؇X\sލ\"\50dj+qav\hkI4paY8\'P8,Bd\:Bn%ڠ Fm\?Hm\b=؆\\b#-\#X\")\qY$b2\0/Oq..\Uj# ɶ^\#i\\\\\\\(]2T9I\\vc)1\ڵF2E2\+WW	%\A17LW0h\~Y\bPۣ\17a\|\GQ2 ~{fx2x0;\\bd`Fy3\Q\bKU^v\<\\iS0N\\ ZF[Q	\\c\ʕ˝\\+\0}M%SRF%s1\-~3\\\AS\\o\kBJ9gPA\O:.kT(58|g듴d/PJXz\n,\kj\IUY\0}\\\4ꪔ\fu׃l,+6\w\\0\0Xj)\*U\\m\Oܽ]\bg}IB\Z<[\ہ^\\'Ivp\"&\ӱ9$4=5\O\30\"p\ΰ\\yHݧ=L\\sЧ=NAPea\\0\8\$UZ^_3ݘ\\I\'fLŃN\Px\]\y1F3x4\\r\=A\#8\y\rJp`ڳ\#+\rw1a(UG\9;~\"!g\Q\<\SzN\\2\\֪y\Y=9R\n\\\[\ZGCË@5S\-v\\Bؙ\Z@\"p\'Mb!S\0\\Z_\\\A\\0r+\k	\ڇ1T/MU\k\\ci^f^Jӝi28`u\\\P\\fi\\Q?\:j\m\L8\\0\\T\p7!\\0\\\\Zֆ=\S\\_!nL 16\\v\K{LV@2c\W>\MlH\M\/ooA?js߬B\0\ntioVAO=\\\\ֹJ\xsvxVۿq75yj]Q\"n/ۍ?b*\n{&i5j\\iy\۫\M0>D\)\\֝\TmV=%se\\TrT\bk	˸\',t]QS{=iQX?iX\}mVU\k5U\ZuQ\\\\\h\BiV$y񾤏%zZN\ԺfS\7U\I/\nVԍGOGC({Ý.)Lb|)\^-K\\\'o\v\rNñ,l6(\I\rYi.3i;u\QN9ąspZ!\\-CA^s&\I7re\\1<sQ=4tӘ\\3\?\"q1\LiC)?~o\l<c\0\\Z:}Sþ\\r\\qn\0z\)=\y>KjI\XLm\\\#H\P\imCSwԙbEUkl\\\|}\I&8\zU2\m\Ԏ\8訶>7]=;U54\-F(Ts>\\KMZ-\$}Ȟ\ߦ\rI޾D\\4\7`$kt\$\9\;,0>]7-\\\7o>\{u\roSkCנUIA!R\\\皺eU*\\,F\WJ1\%S\F/\m6̸(8h*~bx̡I\QԱ\\\Dp\\\\d\驑r$\Uw6F9FSUV\8TNe\"и\Ē2)Oc\W\{BһVS\L<瘃<s3TJ\T7\)k\W9X\\`0`5<A?hh*%0rDmE<ƃ	H\i\kR\ԧ\0\[A̸\XIμV\\b\8*`\m\4$V.\!\\H-[0%n\X\cI/cw\\1wq\0\F~㊍fw-\ZZ?Q-Q	\;q\ho\'31\tM\\s9Dp3#\b%\ҵ3r%Z=i\7w+e\\x\o-T߹jrs+w:gh鷧B\\R4*b7\ɝ3\\<~\QY\\\\-F\_Z\i\{y\?hB8g%\\\D<N\r;$\ZLa\g\0	c\Lf\(ݘ͹\8,z45\'\D+\r= hq\Z\1\۸jJ큷&Uk020\\eݶq\\}m\@ES\m=O\ZUZ9\Df\nqY{DcՉ*$L#dΨ̀$\]>\P{\ۛz!iT beiS\'p@8 \F4\\\bg%;a_\E3w6츪Kܖ\1R \#\\Z\=C2#̟$RI̖E\\0\ّUU\b\OC|t92\IZp\\7+\ӺNS$\|R\7ڼ&X\Ȉy\;j\\n\0\4\Z?o\0/\g\>\0R\"i-t\kqT\\We0\Z7W4\1Q\\@\0#\q\:#U\ngm\I&W\~$\0\~=\\ݩڸcC\]\\\_nz&M!t\\k\Z]N\\bYn\\%ׇ\Z\Ѷfs\̺fռF\\\JKZch_\4\Y_U\Obzr߬(W%)\=q<{\D\Zc{ȞSB{ŮI	3OӐ\n*iQPcE4\\\:&iتe\~7g\r+\\ud\n̨̉}Qe5ɨ\x#\_\URc}\szr>\"\9b,q%(\nLMF/\0z\\0=J\\s=fyW\\0\\0\\.d\ͤ\?wA0d7SI\6@\K\nF\̭\\\\ZKWezl,K\<ޝ\kJ\O=j֙pO0W4*\\+q%%U\0c\S\Z\&\~l\JO⟧\MWpN\\>z#6Ds\\RtI9\\]c\\#\\\ܞ\\0}0\\Z\X\0H\\:=w\\Z\\[qwS\b\ӌ\\0Dm\6JT]x\qKXOZ\KW+C#\9mV\:Z\[\;<H8©\G2\"pbƹGCĭGHER\˸G6ث	cmp\0\\\\~ Պȟ\r\\"с*m̱မڭ\"N {w=C\L^\\lb\\j\G\&us\$E*v+\ؑJ\\\r\$\\1\qUla\\~d\u*\)\":l\܍R\i/T\QXݙE?\Pg\M\"$)c\s\d4\E\\I\\\T_.?h/`q8/\Y\Q!\z<}ud^c\)By|u&l\\B=C$(N?}B<\\\"H[jh~\1Ԫ@@\%FDc1&LΜF9vG\	g3&#c1s\B\S\KD$Uv=\Ly\0d\\q\0aJy`zAa\\]0j\(U1ƻ\0i;\\"a\gGY\?31x޶\gz\\q\0P\\\\\}K~\\ZbLp\B:\g\+\\"\~\^I\s\P\S\\Q_V1$/PZ̔\|BR$)\#NrD\\rMu#\f\\0\NhהU(\\߉\0\VZT\Sw\\\9vV5n1\k\ּej\\O[\<3ab\\|pklhEyL\\m=Ԧ2&ލ:KWVթ°0^a\\X%ZV%T\c\SQn\kfd\ϬL\\5=2p\e\\\S-\xYYM4`d^Ύ|ؚ:E\\ׯQec.چt$˫\Ds-ھq,\=\K\̺\1X\E7u*fz\4ZV̜\<H\\\ښGNZaG\\\ON>\\̩zfoY\\Q\\0\y9\\\/q)\u Ҝ\VWr\\K\@\+\\U\r99!\^X;\jq0h\0\087c\HĆ<\@I+̐\2S	A\0\\\p!\b\A\Z3s\!;\0ñƅm=-<[\0/\0\߷\0\w\sYr R g\Hq;\qW\À\\Z&GZ]\5(m\'\na54w\<\\{P\X}߈\ZuPq\J-Fflz,03%cỗVU-\1\{\<H]M\\\0$\o9\\!\JU\\\jOﴊ\=2p}}\0;U\z5\\\3gg/#\ FAR?q	M1>\;{zAQ<w[^\eZ\\\\vS\\\n6>\Ԋ^\\\\\\t\0\X䨸\?\a֦qY:%Cȕ%qEV*\m\\2dz \?\/(\\r$S\\nJ9.2;\\'\\nzV)EÉ,\9269\H+\\\\?<6\Q$頕\hl\"#\\\Q&쁉6\"?Ph&\\!>`[\'\Q#=.f)&ͻLvc,\\'GblgmK)PbLJv\rC\`;g\\\6\\\nv\L1\&D`^\"daq8\\2!h)\\#\\a\\Z<@`08qDlDLG㈂(\8\HtLG\L@a\'@`dN\.!hʙ1\\0Tn\q\\asD&eQ\Q\/)\\JBD)\ϴ\"\\:\0#?\RB2\aiK\vr\n\M6B0\\ m=r{kd-1N 8\z#\\\(J\\.\5z*6QV\\[{;t&⢩ίX\\R\jwL\\-H\n?is[U\mAo6~\ƺm\0\rf\_\g\]\\\LmN\ye\y(O\3W;VT	1\\u\r^\\KW`\\3x\ؓN\p=O^^\\j2\0C\\d6y\Zz\\\\\'\\\p	c44j L?O\nl]3He7Ǜ\x~z?i\^YRz;z6i4ѱk&\$\no\\r[\\V\\`\y\ek*n\0\R^j\Ow~\FҼV\9EK\&BzI<J\1[y[1j|!WDs$bQ\M1^\"S\ɔ\riyC>N^D-،a\n\\\0z\4]\3d\\?Mϣ\-V\n\}3\ߦu\Z{C\f\9k\\Z\n:\D6!z\@\(n\`\Z@!V2\\87GT\{qR\ɵS\"U\ڱ+;_Zĺ\m\\a^!\&\\<2\ѽ\?\9p\\"f,5ubȖ\\"cj\J\3\x]\2\\\\qi\,?B<g\E\\\,\\O<\MM%WJϩa\V[z\R$p~D\M;L>%}4\\0\\L0g\:\04\T;mL\\*\'\\Zb[7W<8x\\\\\yB3~!8ujz}Rm(2\rL\qv\0\x;A9\r\\*\V\0g23\Z\%>\\S\'\F#M1Oy8\R\\\Lr%@s\rIdL\!F\CJ$@\cj$r=IHU2\V \ZRD%Ӭq\7R\v\Mt\\\0\\q`b\aGZ$s\Zy\*q\rTc\#TǥS\\8\1Б옞q\b<;\0\91\\\\\rq\ݱ \	8wa.~gi\\`0婎qHa\p8O\&R3	8 	D@cac1\0ď\\\rhc\\n!\r)8,\ц\'!a9T&JZ0\\ʈ)ys)1|Zfi%-1\TTD\G8̸\\"Ʈg\n~\"ER\̭c)oio\mPyaYy\B7z|k^\3;\\xg]Ԯ\\?c6ի\ѵ5\d\ö\\nq\jP[w@OB#!ǜk1\-ݒV\?d\\rw#\0s^\-g\03)uXT3&7ΰ\r\\\*\\H\S\\2rR\ڻ̹\4+\\ LeSj\.)\h\\[\\0\=/C U\țKM.\ƘM\֕=C\?\g\rt\\\\0X\\	\&t\\2h\eU\\+n \+1Y\[ݣ\0*\4\98<ʛAekj_\ꋷ\P]_1\WfĒh\\&6p[5l\\\5)c\7819aZJs^$=HIA<\I\\\\0DVGS\i,\RӓꄯcA\4\0ܒ\\0\\珦\:}<M\o^\Q}8o*c\[]\{D+\Zm\\\5i\^֊\0\zp\tDnn\gvN\'c+\4dcW0Ɋ\Q\R2%Z<K\n\0r*}\\>I\Sȓ*1\\W$[\TFL\#֠X\\\X\2\\j3i9Zw)yl\Xn\\`0\\yYԛp\-ja3&YzJ18\aRе+)\\d\QX\\\ԴM7RFw1,fk*J=%*ǚN1?KC\\k\\gA\+\6\Ɋ7\LӥXR\Wxj\\T\\+\?y9$\'Ԭ\F3\s\\nۚ	\~\ڱ4)\\U82\\\R\2摣\A\[p7ՐTy|1\19ռJl\"T0=Iep{ڸ\%!>\ZU\=i(o\\r\`)\2q$y:Am \7T]ѨǸcs\\"1C\'q\0I\{\O|\\nb\e&\?\\9\g\"Px1\0\T\\bg\0\"Έ8\\C:0\\\\HHq\\t\'7<\Ac\0g\"\0\`\>\q\F\\Xi<Ǭf\Pv\x3 \&./ra\x|D&\b	\0\2E\9?%\'\`GP\\n&(u69\6h,bf>29\E!2c2dhhS!SԒ\i\'6\\Ǵr\"r\\?%\۬lƑV=\:\+l\8\d=%\+\"`\\4iYmlr%\׬J]R\峏\'/\ڻ\\]\!\N\;3\t\g\+:\Z\Zm\\\u$\\hpX~D;-.\\\0)\\OQU\+\\\\\cL]L=ʫ\\[YY\ Gy\\>$;L(#i]\Sċ^W&g\j9ȕzl/\ --ƤNryʺ\r[\\\r\{yeMƠ\\+\V53\#{\ sY3\\\\\j^\ĜA\"8`ES#\}u;\rt\"\\rd\+Ċ\>d\q\\"\I@\A\0̥aJ\s<G\Zc\g9\wф\$\\D<D-jLaI\3\ӯƙ\\}Ls2?NH?MLd\^?N\ՁS\\nkKyKc7x\y\ZM\M:\N\s)}yl=\֨Z[\P\\TK\\nKrf1y9\\	\\.nDю zQs\0\9@X\05)\G9N\n\[Rz<~e$3V22gqQs\'\r 01j%@ɖua\\ԤWZɁMuԕ\M[a\\woLd\\Z.2dѺrx`9d\E(	n2m-H7F$z4K]c<E\+KJ$\\1&k\%\arV\~\ڂAC~q6\0cZ5\\\<J\µtP\\	\t\\\g\r;o\\n\EJ\\\'=HfԵHJ\0\\pU\4\\?¤Y\~Y\\n4\``L-\6/\0\$į$OH\U\j2\\X\Q\_&%DMH\?\{\_K$=@\\'5iE;Db\FD\n\ `1Qg-Z1j\\Dc\#531XE\^W\ӓS\`ɫ϶pxlYE\r1N\\e\L\EH\r\ӧxia\,C1\\N\\D:!8\i\R\"\\Q#DG\A/\rǮ3\+\Mw`|C\Ȭ<D1Fx\\Al{G,j-#J#!R=GcY\bJfR,\S\Ri\"U]YG\'4P)]\\I\+~˸g83=\i&]\eA]\\V_hA/m\y==a\4kĩ:H\zt/TA	}niqe=\͉\=m\G#OW~Ɠ|\\~\qg>V<O\o%[\ժM\\vPiygY\L\nhHM+Ŕ:3\\>?\"i\Ys7hhA\嶉q\s\U^N\\0\2>%\)\DI\7Z\ծ2WP92-[\jx?3:\\*.5f\\J\G=ξ>\Uy\Zdk\OfBz\d-m`\.5Vo攭YĜZXUf\2\rKf\Qɍr7\;\\"\@,gn\0&bf31A\`U\!4и8grqD;i\	ckO\2D\l* ģ\4T&	T\R\\n1x1_;o`b86\\\x|\\\S\vqiO&nd\n7\:\\\A9=\($应mj\\\\'lM&.\+(\i/5\nM\A\u\ZV\r<\\KqL:r9ν2E=f59\i\\\s\cq\b0\Id~ $*)s\=\b\pT\"T\ɻxQ(L̍Q\̱+#5#cHeZ;es-pGB@\5ʩ\FէdgV奅h\\NY_<!\0\LnV\\\B\\;1=!nc\'0\t\nZ\V%\C\?ű[ēN\>+OU\0MAI\\Oi\\r ڍ`|\Ȕ\\I	v94-\ze\%)\\\\\\as[ǉ\\v^oy\M4LJ\t\0\	=.N1%q\\:\\\'R\\\Jں\C\0\>4\m4\\0ie[t\\o\nU~>c\Q\6\\"5=H\\}/q\[\Z¦i_s\K:\?\\j\\AmO}qn\\?)n\\\Gb1\T\\0j{\ʻw\U&\ZGb\\\\\^LoP1\"\ڸDҨaOOmgewn\?ƕ8g\\ޯ\03\A&|{.\\:qZ\1\E%_ޤ\\\EG\\\\؜8$N0/\S\\D\nb\\\KAg\\O\?H\uD\-#\\\\vd\u?IF\04,\\09=%\x_Rlb\\>ԜhT%>]YOG?}|\0u:Y\3nHyq\\\\\ŰqzV\0\lPj3g.-\\\\\6		JUM\0ēF\\Ϣ\0,v\\* mL\0jL\C\\nsYoe\\\8S\\)F\00Z4\H?觋\|x\\yv\V\JT܋k#n\Q\\\8\\\\\6~\\6g;G\h\A8d\PF̴S\'\nxi4\\\\)\2\\Ԇ\!TՕA\s\}b=\r*\\\Tr޶\yy[sn7v&c\\\Aqj_3\U5cjd\X\R\<sɁ\r\\q\0fq84f \\\\\G\e*$\ #s&6.x2\&\bDF;\\B\";\ T\k\*Cb>,#x(SqTjd\1CTN.\*(`\\')\qyI\!1H\\h\)\BI1A&$hl\o|\\0M_T\<S:d16M܈mw\9X2\	\S2\\\\\P2wT:J#\[_\n\\(Tn\WJ)D\Zfn3n\:\=yzTc\8HT*\nr$7ptDiX\any\"5\9?t^\]@q\$\\\=wT\b	&^\\0\bT\\=95%DkRlu\"56VEsؑ.g4VT[d\$j3\rqL\"Ԧ\\&M*@01+Q\\r\aщRc\n\B^UR=ReR\-Ĩ,s\Cqxd4t6\0\y:&0\nZ\\SV\rTa\aSP\DzJj*O\$zsOU\\0{\0\CR]@0\\7m\O2]-sa2\\4\NG\8i\\ɫd\'\zLC`\W\0ur} +6\09?t\R\^j\\\\kW\TL\Լ5<\'A!\Z\u\4\@w\0yj\\"\\"\\t\\]\0o#t$sX\S\D\0/\\0օ}O\\0\0N4v\\ȗRQF\\\YD~i\0\\#O\m#\0\\@5%RO\\0QEk8\0馕-\M\0QO\]M>ƨf馓m\G\mۏ\'A\0R\\_\\jM`}6\D2=\\0\Ki\P\Cz:x+H\0$𾎤\L>`_Z\\0?bҔGa\I\))̢:\?\}y}B?Hm[]=\\\Oq2\%\c3r}R`ɹ}5\~\\!\\\"\{7\\,C|y,\\\03͟]s\H\5>+\Z^5o\kh>\\0毩\o\?\	\1K_\\'\"U\\0\r\0/pr}QkH\*\ c\\\ǆ<}>mVE{QRk0\DF\\O\<{2!bb\'qLHjgpddN\?W\3шA|\DHs**z\"\"\q8\5\\.\\I*L`h\oLA\\\\\ng\\&gGc\L\ȍ?{<cQF%\\r\I$2/\' \V\O\X=W\]\\r=[\"\"\S\"OV,\Jzq#P<bԩ\\02\\+!\\x\Hw\a!*dr\0\'\\A2,AT~\͹1$F;>Ѥ\3m${F$<\:e/\k\\};\ie\L5\b!D㘈8ۓܧo	\:L1\\"m&;Vu=:\\\\00|\ \"\\0\`W\\iTnf+\P\ng\\Z$Mo@\\ۣb\\[J\U\\h8^\\1\ՙ\c\\ø\ZÈ\f\\6X5=\ȇ+\\`&/\\^dø\n#>eE\{PUx0;{*I\qZ\rT\=9q(9/&11e\& ۈqV\qT\b\#H\p\0\"v\\g\1\z\\+|\߈\^7\\"\0^dUx\'\m\0PoZz\;\\w\0To\1˫8t3/ư\0\\T\\*c\CL5\0[\31\f}\\\\\\\\0Q0|\&\\\riE\Z\T\y\\Zo\\0[l}\4j~byqh\[~}PgY\\02(x>>\\\\攭S\2-S0\5	\S0\bo\\\r[\@\\\a\S\r\\iyBLxTkHĘ\L\,Uk	u8\\\r\\\\\ \xy5݇peܙ!i0B(0\pjxQ;0s;DBb4\n[bd\8\b\\\\0S\~`%\\^\3\PyNnQ1#\4u\xcA\\E\Bc\\0b\Qc\Zdl\qa֤S\"\\Khb9y\3 9Xf\0I̢M#3ZU2dRraizy\'\n\F\Љ\\\nREC\؞	GӬ\\0Dj\#\`\\0\Ԧ\\}0]\T7Ui\Pi\pR\ZWi1\$ʠCcN\Uc|6^(\\d\\z\+\'Q穂\\֧Aվ\c\\S)y\Hk\r@\\uB̭Z)^\'-뒗\1PƵB`8\^(#k{\\B;\\0/aZ	pXU{0\rܒ\\"0\0T\2S,@!\0eAɑ\,x;sø.%Xw\E\\n\z܎\^8?b!Yy0lQ!\}@`%Zp<\\ZLn\\Z\b0\`\\1\\\Rxԁ-qxb\D9\`4mӷA\p0\Z x\G/[-\Cwyh\\AZ6\\J\ۄ0i\An\1;\"4~D0as0P\N\\\\*\N\r\\\\8\rFcs870\\\Z~\`.ػcwb!xy8-\4#َNϪ>4\؜\\0\\\*{\;\'\\\88E!\=A\zQư,x\S\jWvps\ \s\v\?F \*u!\c)7q\'܎ꏨb\nUq\)\0\?I\\~!F\ZG&\G3\V1xL$\lH_wP)H\\`\\ź\\\\+L\\0k*\\OT\}\'\0\~\w]\',?:\I<ݘ݀\5\r\\\0\\\'~Q\q\m2\n\\HcCѦ\b#03hd|\+\rB \дү\\)<K{\gh\\ngjv\sޚ0\"nW0\\ک*\*4h`\\&;\2.x$a6HBх&\\\\'^ Ix91\0\n\3\'=\*\IN9e d\r\E\I5p8@\\rb1إp\ɁuĔDaz&< \rq\5\\\7qHLC#AZ@g1\ѻbt\b. 0Mӷs\"f\"\\\rN\$r\A1\@\ȝv\1s8<\1I\n0EQ幋\87P!DR`q;t;1ȎGNS\0r\\\Zs$\ɜG1bH\>\y4E7\\0gD~bp)(1ø2y1\s\1`$}>a\<p`֎8b8\\~b\U\\`7u9Wlr{\\1QhlDb`ֵs\\\9C56\&N$z\:,\\}6ʘSF\~d8/1Á\=#\Z6;\+&\(\8<\Z\=\-%n}\D\\\\Q]A8\nAFDFq͘jGȃd\	5M\\\Ȇ}&K\\P\"y\\q\0\i\9\\\b/1sN\0eve;zA0~^N=\C\"&\\\P\H\n\n\NaK\!bW\"&O@ՓJ\CwwG	ܞ\\+`j\"KZ+\=G0*X0P\n\\+*O,wd\V`cčQBJ&Q*dHH\"\9\DƖ0B\R\KS\"\8͜\\l\'\u\d\91`\\0)x79F8\c0\{a\\0\A8\QGq.Ȭ93\\c*\"T#\Td\,x߸-\G\	G9cO\'026Dh<sS1\!\bD=ف\\3Ibn3Libƈ\"fqbf\0\\b\\0\4\0$aN\>(\"\\\ccg@i\(0yR3\q\\N.`^x^BNlA\S\0Q\Z#i\\\s\"H?\: D\\E\'vcǼ\@ \0q\0\8@;\;D`N\pv )8\3Dxzq@\Q	\'j)zj8\r%\\Nv=mN\4!$:L1̑D8TT[ld \Qʻ[`⣨\8\D\(\\\9G[*-\n\;Ws9jI0\'S@On\s`\\~!(\F\\rpG\\2LfKaDn߈*\<wIȀmلRr$#\0gT\/\e#yU0=\ȄJ\\Q\\0/\Zu\n*\r\f#\]?\0I\\p.e0\\\<mU\o0W\\I\S\Hs\/\\#R\Ovb-0FO1)&\\\DT\HS\8dG	.\AȈ4A\\"A6ItԐ 1P\5\"B\ZNjD#\S\\^iMvgQ>!K\\<Ư\Gj\"5\Ȝ7`=*?9&)ej\0\DZ\K?Tޘ2Dan8\4<▌f\`\r\GT8\a[Wl\b	\Tc\Z=\\mFܘ,;jc/&\r*g0\l0Z;\0ds$\Ll<B\\fT\L#Gp3[\@\1	\71\"\\8D\3\0S:71L0g @\\\'\N\\0Pc.`t\\"q\Zo\0tp\f\\&\@p\"l\\S\Z8Av#\pp\\2c7G8@p\<A\'\'sDR\"(\x\EG\"1b\(q\\nJ?F)\?iD\Z\\ e\\#uǉO{\P	-U\SR\z\\*1\0+ޭKI}r9*y.\>`hzb8PԓE\`mϘ\0\T+\Uc\E-\Z=\+.Ӝ\L3\u*e|\@\\9I`\\v!\\9BLZ9\BۘB~`G`\*\|ƣ\0s(\BƲ\\DGÓ8@ˌƃ\	\\<\0!hN;M9\'0ybB!01F Dt\&\;|Ͷ\JG4\0PΝ).\\ם:S\"\"\"}FP8\0@~K}N\B\0?yaO\YӣILrӧF\\0!ܳA\'>:tJ\#i}:tCӢV+#\04\\3}=\N\nz3A!\\N\r0m:tft\o\Ν\ZӧAPD:2f\Nn\\\\3\Z0Ν!\4Ν5gN5;:\0!:\0N(:\$\\t\\\'N:p:zΝ\0U=N\0U:\0\:t\Ν\0\\'N9;:\0su:t9NIR?\t\G,\\\'N>8tgN/pN_\T\0X~HEV6d\gN-\Ν\\Z]Ν.::SKLӊNGz_kN%!\	S\:m/H?l\\#s\\'NIA\0\@K\_yӠ$GNuI\Z\\\',7),(6,'6','DULCE DE LECHE HELADERO x 12 kgs.','TINA',0.00,1,0,0,0,'kilos','',7),(7,'7','GOMAS  CARRAGENINA X KG','',0.00,1,0,0,0,'kilos','',7),(8,'8','GOMAS  CMC X KG','',0.00,1,0,0,0,'kilos','',7),(9,'9','GOMAS  GARROFIN X KG','',0.00,1,0,0,0,'kilos','',7),(10,'10','GOMAS  GUAR X KG','',0.00,1,0,0,0,'kilos','',7),(11,'11','GOMAS  MONOESTEARATO X KG','',0.00,1,0,0,0,'kilos','',7),(12,'12','GOMAS  XANTICA X KG','',0.00,1,0,0,0,'kilos','',7),(13,'13','GOMAS  ESENCIA DE ALMENDRAS x 1 LTS','',0.00,1,0,0,0,'litros','',7),(14,'14','GOMAS  ESENCIA DE COCO x 1 LT','',0.00,1,0,0,0,'litros','',7),(15,'15','GOMAS  ESENCIA DE MANTECA (sabor chantilly) x 1 LTS','',0.00,1,0,0,0,'litros','',7),(16,'16','GOMAS  ESENCIA DE MANZANA x lt','',0.00,1,0,0,0,'litros','',7),(17,'17','GOMAS  ESENCIA DE RHUM x 1 Lt','',0.00,1,0,0,0,'litros','',7),(18,'18','GOMAS  ESENCIA DE VAINILLA','',0.00,1,0,0,0,'litros','',7),(19,'19','LECHE EN POLVO DESCREMADA x 25kg','',0.00,1,0,0,0,'kilos','',7),(20,'20','LECHE EN POLVO ENTERA x 25kg','',0.00,1,0,0,0,'kilos','',7),(21,'21','LECHE EN POLVO CORLASA X 25 KG','',0.00,1,0,0,0,'kilos','',7),(22,'22','LECHE FLUIDA ENTERA (TAMBO)','',0.00,1,0,0,0,'litros','',7),(23,'23','LECHE','BUTTER OIL',0.00,1,0,0,0,'litros','',7),(24,'24','ACIDO CITRICO x 5kg','L Y L FUTURA',0.00,1,0,0,0,'kilos','',7),(25,'25','ARANCELLO x 1 KG (FABBRI)','FABBRI',0.00,1,0,0,0,'kilos','',7),(26,'26','CARAMELO LÍQUIDO x 2,5kg (sabor Flan)','L Y L FUTURA',0.00,1,0,0,0,'kilos','',7),(27,'27','CASTAÑAS DE CAJU x 3kg','L Y L FUTURA',0.00,1,0,0,0,'kilos','',7),(28,'28','CEREAL C/CHOC BLANCO x 1kg','L Y L FUTURA',0.00,1,0,0,0,'kilos','',7),(29,'29','CEREAL C/CHOC LECHE x 1kg','L Y L FUTURA',0.00,1,0,0,0,'kilos','',7),(30,'30','CERELOSE x 25kg ','L Y L FUTURA',0.00,1,0,0,0,'kilos','',7),(31,'31','DELI PASTE BANANA x 13 KG','L Y L FUTURA',0.00,1,0,0,0,'kilos','',7),(32,'32','DELI PASTE MENTA 13kg','L Y L FUTURA',0.00,1,0,0,0,'kilos','',7),(33,'33','DELI PASTE TIRAMISÚ x 11kg','L Y L FUTURA',0.00,1,0,0,0,'kilos','',7),(34,'34','DELI PASTE ZUPA INGLESA x 13kg','L Y L FUTURA',0.00,1,0,0,0,'kilos','',7),(35,'35','DELIPASTE  NUTTY x 4Kg','L Y L FUTURA',0.00,1,0,0,0,'kilos','',7),(36,'36','DELIPASTE CROSTATA x 13 Kg FABBRI','FABBRI',0.00,1,0,0,0,'kilos','',7),(37,'37','DELIPASTE MARACUYA 4 Kg FABBRI','FABBRI',0.00,1,0,0,0,'kilos','',7),(38,'38','DELIPASTE PESCA FABBRI X 13 KG','FABBRI',0.00,1,0,0,0,'kilos','',7),(39,'39','GLUCOSA x 6kg CIRCE','CIRCE',0.00,1,0,0,0,'kilos','',7),(40,'40','GRAN CIOCCOLATO x 10 Kg FABBRI','FABBRI',0.00,1,0,0,0,'kilos','',7),(41,'41','HUEVO EN POLVO x 1,5KG','L Y L FUTURA',0.00,1,0,0,0,'kilos','',7),(42,'42','LIMON L x 1 KG','L Y L FUTURA',0.00,1,0,0,0,'kilos','',7),(43,'43','LIMON L x 10 KG','L Y L FUTURA',0.00,1,0,0,0,'kilos','',7),(44,'44','MANDARINA L x 1Kg','L Y L FUTURA',0.00,1,0,0,0,'kilos','',7),(45,'45','MARRASKESH LHERITIER x 1Kg','LHERITIER',0.00,1,0,0,0,'kilos','',7),(46,'46','MINI GALLETITA  BLANCA x 1kg','L Y L FUTURA',0.00,1,0,0,0,'kilos','',7),(47,'47','MINI GALLETITAS CON LECHE x 1kg','L Y L FUTURA',0.00,1,0,0,0,'kilos','',7),(48,'48','NARANJA L x 1Kg','L Y L FUTURA',0.00,1,0,0,0,'kilos','',7),(49,'49','PAMATIS X 1 KG (MASCARPONE)','L Y L FUTURA',0.00,1,0,0,0,'kilos','',7),(50,'50','PANNWIP´S x 1kg FABBRI','FABBRI',0.00,1,0,0,0,'kilos','',7),(51,'51','PERA L x 1 Kg (FABBRI)','FABBRI',0.00,1,0,0,0,'kilos','',7),(52,'52','RHUM x 5 LT','L Y L FUTURA',0.00,1,0,0,0,'litros','',7),(53,'53','VARIEGATTO DE AMARENA x 4,5kg','L Y L FUTURA',0.00,1,0,0,0,'kilos','',7),(54,'54','VARIEGATTO MARACUYA x 4 Kg','L Y L FUTURA',0.00,1,0,0,0,'kilos','',7),(55,'55','VARIEGATTO MELA CUBETTI x 4 KG','L Y L FUTURA',0.00,1,0,0,0,'kilos','',7),(56,'56','VARIEGATTO NUTTY BOMBON x 3,9 KG','L Y L FUTURA',0.00,1,0,0,0,'kilos','',7),(57,'57','VARIEGATTO FRUTOS DEL BOSQUE X 13 KG ','L Y L FUTURA',0.00,1,0,0,0,'kilos','',7),(58,'58','VASO PASTA N°90 PAPINI ','L Y L FUTURA',0.00,1,0,0,0,'unidades','',4),(59,'59','VINO MARSALA x 20lts','L Y L FUTURA',0.00,1,0,0,0,'litros','',7),(60,'60','VINO OPORTO X 20 LTS','L Y L FUTURA',0.00,1,0,0,0,'litros','',7),(61,'61','TAPITAS MORAN X 380 U (tabletas)','L Y L FUTURA',0.00,1,0,0,0,'unidades','',7),(62,'62','PALITO DE MADERA x 5000 U (PALITOS AGUA)','L Y L FUTURA',0.00,1,0,0,0,'unidades','',7),(63,'63','NEUTRAL FIVE CREAM X 10 KG','L Y L FUTURA',0.00,1,0,0,0,'kilos','',7),(64,'64','CERELOSE x 25kg ','LUCACEN',0.00,1,0,0,0,'kilos','',7),(65,'65','WHISKY 39º KLOSTER x 5 LT','LUCACEN',0.00,1,0,0,0,'litros','',7),(66,'66','NUECES x 10 kg','LUCACEN',0.00,1,0,0,0,'kilos','',7),(67,'67','ALMENDRAS X 10 KG','LUCACEN',0.00,1,0,0,0,'kilos','',7),(68,'68','VARIEGATO FRUTOS DEL BOSQUE X 20 KG ','LUCACEN',0.00,1,0,0,0,'kilos','',7),(69,'69','marsalla florio x 20 lts','LUCACEN',0.00,1,0,0,0,'litros','',7),(70,'70','ANANA TAMIZADA x 10 KG','MARENGO',0.00,1,0,0,0,'kilos','',7),(71,'71','ANANA x 5kg Sembrar FACHI','FACHY',0.00,1,0,0,0,'kilos','',7),(72,'72','CROCANTE DE MANI x 5kg','MARENGO',0.00,1,0,0,0,'kilos','',7),(73,'73','DULCE DE LECHE FAMILIAR EUREKA X 10 KG','EUREKA',0.00,1,0,0,0,'kilos','',7),(74,'74','DULCE DE LECHE HELADERO EUREKA X 10 KG ','EUREKA',0.00,1,0,0,0,'kilos','',7),(75,'75','DULCE DE LECHE REPOSTERO EUREKA X 10 KG ','EUREKA',0.00,1,0,0,0,'kilos','',7),(76,'76','DURAZNO para Sembrar x 5kg FACHY','FACHY',0.00,1,0,0,0,'kilos','',7),(77,'77','FRUTILLA CONGELADA x 7 KG','MARENGO',0.00,1,0,0,0,'kilos','',7),(78,'78','FRUTILLA TAMIZADA FACHY x 10kg','MARENGO',0.00,1,0,0,0,'kilos','',7),(79,'79','FRUTILLAS  P/SEMBRAR x 5kg FACHY','FACHY',0.00,1,0,0,0,'kilos','',7),(80,'80','FRUTOS DEL BOSQUE PARA SEMBRAR x 5 KG FACHY','MARENGO',0.00,1,0,0,0,'kilos','',7),(81,'81','HIGOS SEMBRAR x 5 KG FACHY','FACHY',0.00,1,0,0,0,'kilos','',7),(82,'82','QUINOTOS FACHY x 5 KG','FACHY',0.00,1,0,0,0,'kilos','',7),(83,'83','SALSAS X 1 LT (DULCE-CHOCO-CARA-FRUTILLA)','MARENGO',0.00,1,0,0,0,'litros','',7),(84,'84','ESTABILIZADOR MANZANA AL AGUA x 7KG (BRIGEL)','',0.00,1,0,0,0,'kilos','',7),(85,'85','SAMBAYON X 4,5 KG GHELCO','GHELCO',0.00,1,0,0,0,'kilos','',7),(86,'86','QUINDITO X 4 KG','ESTEBAN-OLLOCO',0.00,1,0,0,0,'kilos','',7),(87,'87','OREO X 10 KG','ESTEBAN-OLLOCO',0.00,1,0,0,0,'kilos','',7),(88,'88','CHOCOLATE KINDER X 12 KG','ESTEBAN-OLLOCO',0.00,1,0,0,0,'kilos','',7),(89,'89','TAPITAS P/OREO X 16 KG','ESTEBAN-OLLOCO',0.00,1,0,0,0,'kilos','',7),(90,'90','CUCHARITAS CONCAVA OPACA X KG','ESTEBAN-OLLOCO',0.00,1,0,0,0,'kilos','',4),(91,'91','CUCHARAS SUNDAE OPACAS','ESTEBAN-OLLOCO',0.00,1,0,0,0,'kilos','',4),(92,'92','DBF NEUTRO FRUTILLA MASTER 50 (ROSSI) X KG','ROSSI',0.00,1,0,0,0,'kilos','',7),(93,'93','ALGEMIX CEREZA x 1kg','OLLOCO',0.00,1,0,0,0,'kilos','',7),(94,'94','ALGEMIX SABOR ANANÁ x 1kg','OLLOCO',0.00,1,0,0,0,'kilos','',7),(95,'95','ALGEMIX SABOR COCO x 1 kg','OLLOCO',0.00,1,0,0,0,'kilos','',7),(96,'96','ALGEMIX SABOR FRUTILLA x 1kg','OLLOCO',0.00,1,0,0,0,'kilos','',7),(97,'97','ALGEMIX SABOR MENTA x 1kg','OLLOCO',0.00,1,0,0,0,'kilos','',7),(98,'98','ALGEMIX SABOR VAINILLA x 1 kg','OLLOCO',0.00,1,0,0,0,'kilos','',7),(99,'99','BANANA GHELCO x 25 Kg','GHELCO',0.00,1,0,0,0,'kilos','',7),(100,'100','BAÑO BLANCO x 10kg','OLLOCO',0.00,1,0,0,0,'kilos','',7),(101,'101','BAÑO BOMBON C/LECHE x 10kg','OLLOCO',0.00,1,0,0,0,'kilos','',7),(102,'102','BAÑO MAPRICOA S/A x 7 kg  PARA GRANIZAR','MAPRICOA',0.00,1,0,0,0,'kilos','',7),(103,'103','CHOCOLATE RALLADO BLANCO  MAPRICOA X 7 KG','MAPRICOA',0.00,1,0,0,0,'kilos','',7),(104,'104','CAPELINAS CHICAS x 112 unidades','OLLOCO',0.00,1,0,0,0,'kilos','',4),(105,'105','CAPELINAS x 96 unidades','OLLOCO',0.00,1,0,0,0,'kilos','',4),(106,'106','CEREZAS PARTIDAS CARLETTI X 12 kg.','CARLETTI',0.00,1,0,0,0,'kilos','',7),(107,'107','CEREZAS PARTIDAS CURICO x 3,100 Kg','CURICO',0.00,1,0,0,0,'kilos','',7),(108,'108','CHOCOLATE BLANCO RALLADO x  7 kg mapricoa ','MAPRICOA',0.00,1,0,0,0,'kilos','',7),(109,'109','VAINILLA DUAS RODAS x Kg','RODAS',0.00,1,0,0,0,'kilos','',7),(110,'110','CUCURUCHOS  DULCES N°45 x 150 unidades','OLLOCO',0.00,1,0,0,0,'unidades','',4),(111,'111','CUCURUCHON CHICO x 104 Unidades','OLLOCO',0.00,1,0,0,0,'unidades','',4),(112,'112','OBLEAS DULCES PARA DECORAR x 110 unidades (triangulito)','OLLOCO',0.00,1,0,0,0,'unidades','',4),(113,'113','EMUSTAB X 10 KG','OLLOCO',0.00,1,0,0,0,'kilos','',7),(114,'114','PASAS DE UVA x 10kg','SEBASTIAN',0.00,1,0,0,0,'kilos','',7),(115,'115','PASTA DE MANI PURA x 10 KG','SEBASTIAN',0.00,1,0,0,0,'kilos','',7),(116,'116','PASTA de NUEZ x 5 kg','SEBASTIAN',0.00,1,0,0,0,'kilos','',7),(117,'117','VARIEGATO FRUTOS DEL BOSQUE x 13 kg','SEBASTIAN',0.00,1,0,0,0,'kilos','',7),(118,'118','VARIEGATO MARACUYA X 10 KG','SEBASTIAN',0.00,1,0,0,0,'kilos','',7),(119,'119','PASTA DE MARACUYA X 5 KG','SEBASTIAN',0.00,1,0,0,0,'kilos','',7),(120,'120','FRUTOS DEL BOSQUE x 5kg Pehuenia','PEHUENIA',0.00,1,0,0,0,'kilos','',7),(121,'121','GALLETITAS OREO x 10 KG','SEBASTIAN',0.00,1,0,0,0,'kilos','',7),(122,'122','EMUSTAB x 10kg','SEBASTIAN',0.00,1,0,0,0,'kilos','',7),(123,'123','NEUTRO CARGIL X 25 KG','SEBASTIAN',0.00,1,0,0,0,'kilos','',7),(124,'124','NUECES 1/4 DORADAS X 10 KG','SEBASTIAN',0.00,1,0,0,0,'kilos','',7),(125,'125','ALMENDRAS X 10KG','SEBASTIAN',0.00,1,0,0,0,'kilos','',7),(126,'126','VINO MARSALA FLORIO 20 LTS','SEBASTIAN',0.00,1,0,0,0,'kilos','',7),(127,'127','DULCE DE LECHE HELADERO X 12 KG (CASANELLO)','CASANELLO',0.00,1,0,0,0,'kilos','',7),(128,'128','DULCE DE LECHE FAMILIAR X 12 KG (CASANELLO)','CASANELLO',0.00,1,0,0,0,'kilos','',7),(129,'129','KINDER PARTIDO','SEBASTIAN',0.00,1,0,0,0,'kilos','',7),(130,'130','BALDES X 10 LTS','',0.00,1,0,0,0,'unidades','',4),(131,'131','BALDES X 3 LTS','',0.00,1,0,0,0,'unidades','',4),(132,'132','BALDES X 5 LTS','',0.00,1,0,0,0,'unidades','',4),(133,'133','ENVASES BOMBON ESCOSES X 6U','',0.00,1,0,0,0,'unidades','',4),(134,'134','ENVASES TERMICOS 1 KG X 20 U','',0.00,1,0,0,0,'unidades','',4),(135,'135','ENVASES TERMICOS 1/2 KG X 20 U','',0.00,1,0,0,0,'unidades','',4),(136,'136','ENVASES TERMICOS 1/4 KG X 20 U','',0.00,1,0,0,0,'unidades','',4),(137,'137','ENVASES TERMICOS 1/4 Kg x 20 U  S/ TAPA C/LOGO','',0.00,1,0,0,0,'unidades','',4),(138,'138','ENVASES MEDIA BARRA','',0.00,1,0,0,0,'unidades','',4),(139,'139','TAPA ENVASES BOMBON ESCOSES','',0.00,1,0,0,0,'unidades','',4),(140,'140','TAPAS P/BALDES 3, 5 y 10 Lts','',0.00,1,0,0,0,'unidades','',4),(141,'141','FRUTA FRESCA BANANA','',0.00,1,0,0,0,'kilos','',7),(142,'142','FRUTA FRESCA FRUTILLA FRESCA','',0.00,1,0,0,0,'kilos','',7),(143,'143','FRUTA FRESCA MANZANA VERDE','',0.00,1,0,0,0,'kilos','',7),(144,'144','PRE MUFFINS X 3 KG','SAN ROQUE',0.00,1,0,0,0,'kilos','',7),(145,'145','PIONONO','SAN ROQUE',0.00,1,0,0,0,'unidades','',7),(146,'146','COLORANTE AZUL X 1LT','SAN ROQUE',0.00,1,0,0,0,'litros','',7),(147,'147','MERENGUITOS X 1 KG ','SAN ROQUE',0.00,1,0,0,0,'kilos','',7),(148,'148','LIMON MINERVA X 1 LT','SAN ROQUE',0.00,1,0,0,0,'litros','',7),(149,'149','COCO RALLADO X 5 KG','SAN ROQUE',0.00,1,0,0,0,'kilos','',7),(150,'150','PASTA MARRASKECH X 1 KG','SAN ROQUE',0.00,1,0,0,0,'kilos','',7),(151,'151','MARGARINA SELECTA MELANGE 2,500 KG','SAN ROQUE',0.00,1,0,0,0,'kilos','',7),(152,'152','FECULA GLUTAL X 5 KG','SAN ROQUE',0.00,1,0,0,0,'kilos','',7),(153,'153','QUESO CREMA LA PAULINA X 4 KG','SAN ROQUE',0.00,1,0,0,0,'kilos','',7),(154,'154','ESENCIA DE MANTECA X 5 KG','SAPORITTI',0.00,1,0,0,0,'kilos','',7),(155,'155','ESENCIA RHUM R-81 X 800 KG','SAPORITTI',0.00,1,0,0,0,'kilos','',7),(156,'156','ESENCIA WHISKY W-85 X 800 KG','SAPORITTI',0.00,1,0,0,0,'kilos','',7),(157,'157','PASTA BOMBON NICCCIOLISIMO X 4KG','SHARTY',0.00,1,0,0,0,'kilos','',7),(158,'158','VARIEGATTO BOMBON NICCIOLISIMO X 4 KG','SHARTY',0.00,1,0,0,0,'kilos','',7),(159,'7793913000986','PASTA DE DURAZNO X 4 KG','SHARTY',0.00,1,0,0,0,'kilos','',7),(160,'160','DETERGENTE','IQB',0.00,1,0,0,0,'unidades','',7),(161,'161','LAVANDINA','IQB',0.00,1,0,0,0,'litros','',7),(162,'162','ACIDO CITRICO x 5kg','IQB',0.00,1,0,0,0,'kilos','',7),(163,'163','AGUA DESMINERALIZADA X 5 LTS','',0.00,1,0,0,0,'litros','',7),(164,'164','BANDEJITAS PLASTICAS x 100','',0.00,1,0,0,0,'unidades','',7),(165,'165','BIZCOCHUELO x 0,30 KG','',0.00,1,0,0,0,'unidades','',7),(166,'166','BOLSAS IMPRESAS PARA DESPACHAR','',0.00,1,0,0,0,'unidades','',4),(167,'167','BOLSITA PALITOS DE HELADO','',0.00,1,0,0,0,'unidades','',4),(168,'168','BONETES x 180 unidades','',0.00,1,0,0,0,'unidades','',4),(169,'169','COLORANTE ART. AZUL x 100cm3','',0.00,1,0,0,0,'unidades','',7),(170,'170','LIMON MINERVA','',0.00,1,0,0,0,'unidades','',7),(171,'171','SAMBAYON x 24kg','',0.00,1,0,0,0,'kilos','',7),(172,'172','tapitas para alfajores','',0.00,1,0,0,0,'unidades','',7),(173,'173','merengue ','',0.00,1,0,0,0,'unidades','',7),(174,'174','pionono bimbo 180 grs (makro)','makro',0.00,1,0,0,0,'unidades','',7),(176,'AME10','Americana x 10kg','Rincon',25.00,1,10,100,15,'balde','',1),(177,'CIELO10','Crema del Cielo x 10kg','Rincon',25.00,1,10,100,15,'balde','',1),(178,'BANASPLIT','Banana Split x 10kg','Rincon',25.00,1,10,100,15,'balde',_binary '\\\0JFIF\0\0\0\0\0\0\\0\0	( \Z\Z%!1!%)+...383-7(-.+\n\n\n\r\Z-% %--------------------------------------------------\0\0\\0\\"\0\\0\0\0\0\0\0\0\0\0\0\0\0\0\0\0\\0<\0\0\0\0\0!1AQa\"q2BR\#br\3CS\\0\Z\0\0\0\0\0\0\0\0\0\0\0\0\\0\'\0\0\0\0\0\0\0\0!1AQ2\"BaqR\\0\0\0?\0,c--f4P\1\\F-r*\#Zѻ\DVɦkZ\겺7P5\h_.ڧp!M`\]>O\r!*\{3keM;Yc\{6I\O\p;To0$,N6Ys4;\w_`&mibŨ\N\n#J\H<|سhq<[\\7R\\r\_RXIJ\\\l\"Rr\LG\\BIdФ\;\R<{j\u\|\Ѩ\PC92\\M\\a\$X\\d\\ɸ6Μ,QӏTDb\';\_i4\\j\GD4\.\PQR\Ƒ\2S-]b:PT\t\\NB#-G$Fl\\\Фq\y%M|o%\W\\Z&zm\E\rPx=.r<y8)!\r<]\r%;@&ȴ+N\05[I\\Ik\r6\ٕ\\!n9\r\Z\Yb\\hc*d\}(S\\\8\ٴ\%\\\\!I\/\"5\n=\)b&ٲa$ԛdh\]t]\Z]>U\nH\rT3hq\\&\ʀ7\[bR\㶙NdR*\\pWѩ$ڶFɩj\㚖}A[\UmyRT㨖(\\_F\[m\D\\r\\7\rpg\h6f\&\\g/\3א\\\\\Y%\W^\\$\4\i<ێM\	\\G\\\\1\06 \\됫{fBd6ձƕ=[i\.0+\$\\ֆ47\\veN\\{Z|\G&H\	\X[]4Lňg\x@\'\M\\Z6\[\\eϒqU\i(wg	\\~+\\,\\\.>]&\{j\~F\\h\މ}k\s\t>1Ǘ_/i|\bO9\,\(륽duP\?/\cp=\9>xU%rlqu\\\x\tD\\WRn8],ţÑSZyi9qkڏ}-4h\ _\Z\\\kg{BF\xoD[S\N\gx\,/\nv\Z\Q\c\ZX}z-GzZ֜>\\R\jM\^\Kw\[<UmP\ꅒ\F\M(_\o\\_9_dG\U{J\\\\7~ο)h\\gS;\\)K\?ˁ\\\]c\i#\\Ql\C\\'~O\xh\DTW\%\Oĕ\7u\(\$\[8\\T=\E\\0\&z}\[ch\Ǹ\w:jﲚ\8[\ksH\\'^)l\;\G\/nWm\X\\n\ꇼ{[z\~eʫPl3`?|UOÂl\Y\^;*0\\{gCvXs@\\;\\]̙𢪥\[&ۀ7#L\\r򌨡k}M\xWwd\\\<\'\\%o\wy\ǟ\\|F)wKO\9яS(>zE\)\U\G\}33\.\z5hl\Z9]58\ۗ\08﷈e\]\0\@:\Tɸw3MB\6%\vyacf\\ߪTxbwo\`\"\,\9\NWW.̸\S	\Z\ÇPbi~ΆD\|\\\Y\\0o\茞g\n*g<\\\q\n슚Wa\\Yht7sSu;\-]XFau&D\\2KCI;\\0rp\r\%\\\5\\Uv8ՍP#dJ;CQO|oNHx6m>\O<S\\RM\\\\>UO\3\\g\\'N\\%\T\?F)Gmg\b/\7ʑ\{\n~CTT\\w\\0<d\ROR\0v\A:\9pQ]9H\\#\p\0ͺ\%\\nFvk7\05\\\ө\PRѠ\\\Q:\\$Nim#)zA\&\g7[\NUJ\4\\G6g\wX\_\\\\(#tkK%kW݀\\\2JF#\|-\0ɌZo宑\$L(\ZH/PIP\6\wA\ts!\G坶\w\'Q\\,n\z>G\\\_{zࡤ\qA\\,rj<\rGAp\\ρV^\QW\dt[{_B9\\g\\dcm1vH\\\\.2Vcw\h2;\'Cku	nj|	\0\\qB˳d~ky\\\R\(ɤ*:~\9\\g\:\C\0`p\"K\'T[\\=\Ϛ\\4\,2[\"\APl^\\@\n\'\y\w\y\";׷>K0M\RvvX\Zffד\H\\\ZB\\'q\\zRX\7^\G\'\0~\\\*]_ETBd\\m\TbgH$\L3\\2R\=PG>=q6ْ6h*\\\ZŹmX1i\+U\nv\}>J6ioQ .}\Fi!Uds?\0\ČӀ\vC#E\us\HW6U\\ X)h\ذ\\1\\3QC4S\\A踣\=?w^\*)\ؿw\bu\,F\-\"4s[\\h\	\y-h\\̡\\\Z7:8\T\%\65\<H\̦1\\\#\R\\\T\\#(\۩\\\o/\b\Gw6\V\Ft\5;\\Eq%6\g\%ڔ&V\\VhF)4\H`\ܝ	O#lUc\Ϙ״\92gUo\\`Cpз\y]\I\\\+mZى\\\E\;)(\~\J#\LG/񳯫Z<\M~[\(\R*n9\n秕w\Ss\dۃӗE\\ԑ\\\0|eaǴy\\\\n&*5m\N[o\'\0BO6\\9A\\h,\0L9Չ\66[S0:ѿl\D*tFpSSȏu;Jeυ\0!gB\m#.S\\0J\kA9\(깫x%\XIP9\Y\jT\$HWrS\7\䌧]\?4[`\r\6*f7\U\~+<Qs:567t\./T9FE)\0vAeog=;${C\'`0]Ѝ\um\'˒cUII\n\ET	ju鷛5\rZ00\qʋT鎟(Me%xt\tm6\:.}b\"f\	*5\sU*\RWcW-\0\\&\\tuuDx퐙N\\9V\cH\D\%B\x7ԏ.i|o\\X\.lvw\\\\f(nl>\">T{\n4\QR\4\Z茤\R\s9{\FD\n\\n4lt\8\v\9k\\\1wP\R\0\\\\ͅTTO\ϛjt\\\'\'<L\'O\nb\\&,\\ٜ)׻vj?\8\wE\r\77\8z#7\\0\1ȶ\P\\'#br\n2\\\h\%\r]8\\,N\1\\Xp\n	k|W-<O<*7\T\}5,u(\Pt^\#SBrySH\<\i\ZH:<qvV-2-ie\ӱ\+NJӔL2\@,\wOT\TWg\N\nO?\0\SJ\' B(C^m\n:{.f\`$\ȫd/\Ȓcƻ\rZP|)lqHj)& q\\3?;\8%m\\Tt\pX\( vj\@Tw].vףhb/p5\'A\0{2̈́\0mM;\Ȳt4XhSSW\\'*}1- [:\\F\@\ǟEՓ\'$bO\\g\8\hxA;c\䤊\\\ٵ\Cs1\)\s$.m19y\FG _:ALG_\\TTDU1ҾlW7M\0\\RF\x.YCk*]i\Pnrj&K\%D^\5<yaHޘV\nN\*\ff8Ӆc	ha\[\\Lx\৫ѩ\\.\0\4\g=\ύ\smMG\\4=qϧD֚Sb\c\\b+ub\\0-HY\&4<DcdeC6\ZZE\|\\ZgG&c=\\0\\=W\\\'L\']\\Z\g2V\>3g>D`)(`\\T(ծno$-6ԍؽe\Z\nW$\\\١\\\Z\ÌYOQ&?zc\\0\\avKc\\\'6䎖RA\H\9}L \\\3\\\\u\'\e<Gxؖ}~)i\l/Ԙ؛}?wS\0p\Z\0dx14N\\eR*\\Fs$25\B\M%\\\\8ق\}me1\&\.KKq`z\MVֈ9:)s\I\isM{A<S?\0\\EX\r\\rH]\0\\n\D\#o\Up\Z\\ZѠ\Z+7g\7Yuwۂ\Uڈ\\,b9w>\"a.\A\`\x\\#\r](\\\\\p÷\\_\,RZ*.~nhso봿\hEt\\r\0i_\\r\+PesEx9#$pV3͆\\0\"+Y/F\B\v#/%q$1=G&2T=\<\6\3\\Y<\;ڒ^\r@fuOF=\%&66+bX\կ\"l\ϫʛ5vż\|#U\\u7?\`#\0m\tK⟣Z&:ˢ5 р\\qL͡E\\);đ\zqCl\\|ʤqI\n\\r\*c}\g~>Ay3$]ۈ\r!\ܡN\u\\\\Z>A:\Bn\Nuh`\!\dJm3#\\&[\\'\q\\\\\^\\7v&\\\\A5ģ\i%,Q,ivx\u<\xؚ\Z0\	%tt\\cQ\[\r|jJ]&\{a\A&hh\2ꄲϒ}2\4lW\\RRy6ǟĺU\b_3)_d\낣<y9\mD\\<r|MU\6ńN%6+ph\0ǍtEm(ɶΗǡ\oP8O2ʪMG2.\\F\ܱ\P锁FD\\5ĮCHE!v\Z\k\4	reGp6\52[\\m2U؝m\QE<iKgMvv\O̨d\E#\\\'	q\ph\5Q\0sQ\?U\(KK\AgU$B>B\\I.\3uZ2;վ,\>U\"Ȉ\\ą\C\g]\\#Qk\3n$\8?/\\n\Gk,\a\\A[<c\!LA\ʱ\-[m\ߊҊd\+o0t\	\l\MKҚ\n:Vk\cRxEN\ ݤCw\1\wP\gQUGgh\o*vZ\\\\]!m%C\\0$v/\(,~\:s\[\K6\]8i?dW%!,r\6\ꊏe\'L#\"`GTܐh\'@J.\ZWp6 #\\\Ұ7<PL6]w\m\ժӡ;\åSaH+}p\PRt\nh\\Ԥ\Ivt$*\nW;\\֭\>\8\\\]\,|wZ]M\\byb@\=Մ,\\6s\\I6W<<)qQ#5((I(3\%GdC؊MP\ǒ6\0l\nGdFR6\&ȿx\^\cuʛh\0*,^hO\0Tt=-\R=FG\W\kp\\=dI\pcQ\eȇtXI\ĈGK\E\W\(D<F鬠dN:\M47\ǠSGN8\KZH\W\\mA\=\\0,\]\\\RAC+XuGG[$&>OE\T\I5a&hХuhh_\X\&؁\eb#5PϢŉJ\'X+eSgX 9xܱbW\Rٖ,Xt;\,LDj-\(TE2\\zwk&Θ\b̈\U!\C\(b \C̱b&DK,@\'\',1),(181,'7791293025827','Dextrosa','xxx',3.80,1,10,20,12,'kilos','',4),(183,'MANTE10','Mantecol x 10kg','Rincon',2350.00,1,10,140,20,'balde','',2),(184,'AGU01','Anana al Agua x 10 Kgs.','Rincon',1250.00,1,35,100,20,'balde',_binary '\\\0JFIF\0\0\0\0\0\0\\0\0	( \Z%!1!%)+...383-7(-.+\n\n\n\r-% %--------------------------------------------------\0\0,\0\\0\0\0\0\0\0\0\0\0\0\0\0\0\0\\09\0\0\0\0\0\0!1AQaq\"\2B#\b3Cr\\\0\Z\0\0\0\0\0\0\0\0\0\0\0\0\0\\02\0\0\0\0\0\0!1A\"Q2aq#B\3\\\0\0\0?\0@V \0\Z\0\0\Z\0\0\0 \0\0Q`\n#%.4\nH \0@\r\0\0@\0\0\0\0\0 \0 \0 \0 @\0h\0\0@\07]sez\n0,sc\"\QB.Ty$ɤpꑺC\\t]F\<r\rfX;^4\\\.=EIЧ1B\0 \0\0@\0\0\0 \0 \0 e\0F\Z\0h\0@\0se\jV%^KF6D\'X\\|3j$u5\ԢG_\MVltp\^\s\wꩦ\CsT[$6:Ƕ6\@J\\\	}(ߚ{aj\9D\\r\+}~ڲ₪M3m\tc1JFFU<@:N[im\\l\\N\.XS\\\\Nq\l[$h \0\0()\Z\0\0\0\0\0\0\Z\0h\0J\0h\0\0\\0R\PJ\u\\\\0G@&]F}t\\0\\m\\`\?rͱ\eToTc\\n`tdzhI\01\\0\\\~\\m`e\\u-E\T<A[ēJ\\sm|vaŷ\\(]u\92\\\\\t91m%`ͬ\7\)\9c\WAii%ny%cc]\ni!\Qs\r-6\\r\\~\ϓfC]^^\\O2\(h \0YI%l\Ǘ\1Ge\8\\$u7mx\&\	ܧ\d^q\QO7A65l~2\\\\ZᖘD\Úa\L\4)\0@\0@\0@\0\\0\Z\0h\0PH \0\"W3])(~\\"i\6l.\\n\e¤;\r\0#\9b/`\.\ԨR.gbpƭL\>Q`\}\9by2o\jEbF2\,$h\"\8k,@7\-K^\RfN\w}Jϋ\Z\\\g^\_\r 	\\IK94%VSMב.O׺T>x\"\#O\\uҍ;\c\aj\c\\\\0+\\s,4\\\\i<>\$\8\5?M{{&1+h>{s\=\=F*\\\br\\Dū\\<e+jƗ\l_;j5\]\\Y\\\\f	\-7Qm/\C\\,a\Fԃe\\\\\k5.\k/I\G4y\bqdX\0@\0H\0@	\0\0 5\04\0 A\'7Z\\>\櫁VEщRDLz^!\\\\0&wJX׶r\I\|\u*;3Ů@EZJVٯhcU\i\":!ciΨ\AN=\TVRoSP\Nqv\\Y\vuϖ9Av5(ӘIRk\lEj\\n{+F-\8Gsdf݇W\\NIs\\[ľ\u\Õ\Zl|*T\\՗,bMJ#Qߵ:>\)\\\\\0B\/,\IK\;\^1*\<\|\Ɯhm\"\'8A\*ʦ\0\t\30\U.Qz^e\\\"\-Cݹ2\Ti\H1\*\0VIן!\MY\憝az?Ly;0\\\/.ѐh H\0@\0H\0@ \044\0\0PH(C\K\Z1E\\u\\\:J\1J\\%J\VlQ\\.Rhzt94\4J\7\\ο.ɱ\6F\P\5W!Iyd.Y6C,CH]QU\"\&s]5X\絭Ըx\&IFR\F\Q\6\Zܮ\x\Q\M䛓wՐ\<\Jf\A	w\|Q+,|s\.PՎh\՟Nhow4[mu>K(x\\Z߭8/\iVkA\\URI\"\=6\\kG\[ki\U}׳\j>$NhA\0\0\08@\0a@\r\0\n\0\A Rǘ^w\\dV\ZS%q$\\j\(uܹcWLj\\\\\\5Zs\߲NG\/]ܥ#dkm狓{2N1ItV2K7lurp+ȩ^61k\\s\xSf\VZ3z%\z\,aDϲ.VI\آW>s9\"\'U\%V캉\:V\K(fU2\n!DU0\0\c\*lɷ\&TTgX\\Z.q\/?\0\{\]NǱ1kq_(\^\\r\0\0A@\0\\0\n\0h(dnF<N7#\y\鸝$ ϢR|(^\r\,\Zy[\蟒/=\~\!S\:\\hR&Y+\\,Ɵ<Nټ\r?\ף{IwTp\\Z\dA\\-L_\tyOt|Hj\Iv\rR<;\RނkM8\02<\g\\7!bq\l!?\f8E%l`\(\w\q\~&sR\\\ղ\/Vh\dI\nVp2OcH\ykܮ\\ND\\\$&\\8ֹ\D\Y&9c7H\xsDE|\]\!U\6[鸠5\h H\C;cL\lE\3*.\mU3\"\\Z\nCr\F\}`L9\\#\\Zwm̮)Ih=\d\/\\\ZDA@@	\0 @\0pA@\0aA#\n\0j$\W#\\\a|o`!^󯏔D\ΛQuHti`\I\"\\t\Sl_\}6Zqi\n\\W\\W+\\	&\vY\rt1[|Y0\\&	,ʦ\\\׏o\\"\M\t\\u|\\\V?3\ַ\j9\M\(\|(Ŷ\x\C\\l\͈w!ľ+3Hk\\\u;	yr\0*[N\Q\\OM2\Z\8J4ssM\\\`\\j\\QZa-3\q\\\4Z\\'\d\S687%\U\71\؂ONT\\#fx09\a\\\\G\\[a\DD\\o\2qXH\MԦ\JN\\^\-$ɖ\\Zj9Pr]ɀp\ \\\E.cÏꓴ*\\3a7X\ԣZ /_\ΰ{̨	RA\\0H \0\0 P\0PPH\I\f\X\;Z\q\Z\x<\K\\Ñp\Ϥ|ֽ6	J\6)S\\\0m\\\v7>S%=ʹ\"\0;*\\f\Ai#[Χ\Z}h\:\0\0;B\5n\*Տc\g%e\+ӯ;X;\Nu仃\pb$*[m_\nA\0o5t5\\"X\;P\E\C\wg{e\J\\{da\cK3\$_C\\tr\̚\yE\\W	\r\rSñF&o__\\Ʊ\\h}\\v\8k<\\\@ۚԝvF?ha܏УfJ+e\v\&=ǅ\ID]U\\\rN1GjvV~/i^D\q`̹4ؕ\L\\~UrL\0\0P\0\0tFV\JrD8zu^o\=7\Or\\y:83F0w٫A h,-EpFIr\\DJEw%\j]ϿS\0)2j\(q5\YH\pjt ۣ\\0\M__\"+\\\h\i\\ғ;\0\\\Wr5\0 ekomBd\\6\;]ճXmC~?\r)<\uLq\j-W#Ar\\p\'\wZ64L\Oy\^\\\\r\\+R1Z\wr\ ֨Fgt	\\WB\o|+X\G\l9\t7-7`\#E\ŦKIBdQj>QV[h{V1	U|`jEʶ,RC\Ȯ\WĶ\/$Ֆp4\Z|Bzb/ST9\0u \0$r\00PH\[D\zy$\\&O0ɲ%Q\֑=]^{M\-Yp7\I?\\U*\1!.~R\J7Cbrc繾W(;\SH\~G\\"\\dr]ܲ^h,h\"\\@-\6I\rm9?\\Z\&b	\f=E[rQG-{Z\\sjj)$m; \Z|Ew#\$	P\n\ړ\\\x/\0ÄxKl\0\^|{iᱼ[\\9yFF1t[\\0\ٍ-V|7OY=\\qOdԼ\d\>ݗq\\QTE]ù\Z%\~JJ*\!\\l \<\uUO\cTUo+LŲ\u:e\\9.\M\q/\]Q\u%bϏ=D\')mr\\reL[\\\1텔lΪq\D\0|#OZb\I\Z+&N\n 	\05\04\0ƫ\\Z\0\~{1<\^6f,ott^\ZU\\\jr\x~\0ER)\[\\\OC{W7LQM\ɿ>\'\LzV쩈y\TO~\*1hn\%eW;eE\"*\\rlS7*䲋*cc\D \\'\xSĺI\'\w䕶y%A,q\\Uy9h$H2LrWXW\WW\n\.xmcH`\:\Uy4DF\Mܙ\$Er^QvKcb/{\_+\nc\\\s\"J\b\\.̶eLE9\rkh)\mV\\δX\gT\'\\5X\\yI\\O}.\\\`\C\V\x8\\܈jTm;ٲ\Z7q\;\z&\]y3pd$I\[)Ӥ>\tZ\\Y<\9\6\\AǷ\ZH\/\Z\rB\9Eʠ]r\3\:\lW*ɩl\rV\#o	Q9\nf\',j\0r(=	+.S\\Z1mэė\nk\\\NtcPHǪ\\,oNjt4\y}g؎\\\\ff*\\\;\\c$Kt35\1&8zi\km%3\;WH>\s\3DQF\f\\N7~\\\Zu;$\soYRH\\x<\vx\\cMn4\\\r\pV\Z\0s;KDp\m1\֤9\\_SS/j-K#A1dR\l\x\\Q]jdē\\\FFs\Bm߂|G\?ѫHm3\0L|vK\^~\e\]\U}<\\KA셖8ی\0a\\X\nm\\b\\\$\Cr|Z	Лk\\6*sI\\w\*zÛDZ\\\\\F\\л\4zJD\\x\(\KK)Gf&,;O8]\.˳\TQu#\r*=hHSd2F\8JwMٵ	[4h$A@\\0 A\n$8\r\n\zeB\\\A.6.69/=e\.-Z?4\r\?buj\I+-P\o``\\n}\\?2;W\\>P/?Q\E\\y\\&DLŇ\L2\(U*Vm6\0F69><\r\\\ns|2\\BU kֿ;y5\n+\K-\E\JϺS~\1Ģ\2-О\\M\\}j\\IMH$\RT.I\\.䣏Z%*IcaF2\\el\\ؼ6`)һ΀j|\2Dt<ŭatInD,i[hϗR\rQo\lo\&s9̀tГI\)I\s*2+\]\\\5[#;(\8e4ey\.HF8G\"\o{gó+CI\}U?\1\\zx-I[1\Jv\\ㇺ\$9d%=DSdɪ%4(PLH/ҦTL 	\n$\0AA#P\0jre2YٶCϑ\\\\\*R0k\\fuEϹMr:pZ4*\0\h&֌\a_&X\tqB\elS\N6\\\\6\\8\ef$ZNnJ#rʔ\I\ꈫ嗒G\;+\r\[0#N\Iբ@\\\\+>\]*\\Tqq\ꮕtU\r슓t[cea|͘ C\\R9xd\_\\_V+\kdnQrTOR\ٍ[\Z)6\cn+{a5Yy<\\\\\O!LN,\+e3\fk\\J\4\9x318\n\'s\>8b˒\\ۂ;)\r/ni\+l\8\\0qk\Cc7x\Z8\=n=\0+V=T_\\\ާ#BF)Cw*d`U\\5Diᕒ \*H\'e43Z	Th*$\0PH\0\fϚ8\\\\Ɛ\˨\\U\c\>+\b\鼶\\hΔ\abvCL&|i\Ҕ\p\;;*I\r3CNr\V	\'fv9ITb?\<;n\n\"o(I&MjO9\\\cxhD\0&ʭ\'1^X\M\\.\dw4)O;=̝K|H\nD4sRPJ\a3;A\`rE\QV\#\1MQ\d\\D\]A\){U\M*W\I&\be.\g\\i;IhI\M>du?\r`q%\\IO\c[DnHyG	h\\n6L+\ʭ&Mˤo\A\\^)T3Hb\\'N\Ӧ\}&\l&\\\D!wc<\PRb\0\SRA@\6A\TUI\@\0($\*Kn;\#\\\,s\\ÉJ6T\W @w?e\\P\6)\策eulqExƦ\\"\!h,\\t\\0SaE\bݣ\\{XA\r\\lq\W\CP \nUCAR\Vf\Z- zLIn(-5\˳\rt.I-gJ%\nM<_TD\	HմY w\k:WKJSV)c\ϗmʼb\\dq\Hnm<\-}SjكU\ϟ>\i&7[Th\6Y\\\\N\nz\\$k@\d>\Z3V8W,pݗ\{\qχ^<\\;KN\йcR\nvptg\Z$\\*8AVUZq\\.j\'ھ\x\v<\\\]}WsCeğ\ijePYP 0@\(\0B\0P\nCo4\\\\.vM\\\\.h\\k\\yhI:\%ً_\ ߔQNʍ^+\+X\\\\-\U\2\0\+<\i=\\dtz<j&Ff\\%\\IvW\\Eqv?ߚ\+}\\#M\T=#D&o\\2\\\\\\P)\aD\x\,KB\\\Bʕe\\w:; \02GT\ˤKkA/\@\\N]DE\ڮ4`3d\ٟ-9¿uQ\\9\Ş?\\6nU\rG\\\!cwo\\\\\ŷj-IlL\rE#<\\+\-*~EDF]5	\ |Rޖ/\V+\\tr-Cѧ䍈\\\0\a\\=\\<=~֎K^,Qƶ\R\Z\\)NҪI\R \\0tA#\0@\r\0!U%3\CZx\\\AD̵C4l$Q\lЧ\\j\BI7mgDhVii>\r\?&Mo^\cL\#m\\hh^:Ϋ<0oP:-\w/M*UU\\z9\:\Bd=?y*CR\\(\rël(\H)²G\":Z\ ؄8Zr\p\h\0r\nт]!nG$l\LHpw;jV͊8X	AѠ$\\EKMESA%R\n@N\\\\0v\0a\00\Z?\',3),(185,'SESP01','Amarena x 10 kgs. ','Rincon',240.00,0,10,20,15,'balde','',8),(186,'REP01','Tarta Lemon Pie','Rincon',240.00,1,1,5,2,'unidades',_binary '\\\0JFIF\0\0\0\0\0\0\\0\0	( \Z%!1!%)+...383-7(-.+\n\n\n\r\Z\Z-\"%---.---------------+----+-------------------------\0\0\"\0\\0\0\0\0\0\0\0\0\0\0\0\0\0\\0B\0\0\0\0\0\0!1AQa\"q2BRbr\#3C\$\Scs\\0\Z\0\0\0\0\0\0\0\0\0\0\0\0\0\\0(\0\0\0\0\0\0\0!1AQ\"a2q#\\0\0\0?\0\v5+\\F*B\/+\"\󝧵\8\+H\O\vݬuOlj+\'\Q+\X\c\\\\\\r\\\\m\V7?\;Q\;\0\|\"\clb\01k\p|cg\\C釙k\|Z\=7\0Ɨ[SW\lqiu5lOZv^d\\mN\l鋌~\"[\>55zN\,&ӂ\\\7\BLy%i\2HP/\\W+\Zer9\rF\5-G0l<P\,\j%\Vs-U\\\\UKL2WhMN[,\\\(.\iS\E$\\0H@\rB\0PSU2[ccÉn\\^\Nm?j\n2\racz;\@2\>󰃂\\"\0(,\/eɆ51}K\\ieaўu\|XwN\r*s8o]3(2*BFt\D\\WϘV\xT=\o\"*EyǊ(x+$-mlC2yyyQ<\\`X#Lj^\G&0\OSC\E)J1Yo	I\jI3aOn\_\\\Z\\S\18\r\f<q;+&\i\\\{\\!\w\J\nض.{	f\drxׂ\[1IƴhO^\QI9H\Zv]\\r\bU\W?vsN5Va-\,y\in/<\\\ER\\"G\\\WL`U\\Np{fLi>Qa)ZV\R0R!1i!\04!$*%S%E\04\A(\\\s\K\r^MyÁ\eúH\\\rA\\\ݫ\8Ib.Ė;èҩ~\\P|Nw^k3\Kf?\2B#\\{\r1:\jX\\ᣡ;o\_+\'+\"[W%j\r\\tk\n\vw8YGђKk=\.>t\\0\\\Z)\|\\cX}\z\\ֆ\0\\0\0\n\0\r\0@_\y5ץ\{\`s[\%\+\\\Z0xg̕\sqU\:\\峡\n\V\\rjыJKV:VWj}\Z\|S#5+DMz%vEĴPQ>W9¯\R\\mj\\#Ms*Rg)\[\VoHӆB=40Z\\\\:\\0Q\z\5SPx~KklFy`Bjwj\\0Ba%!\"R%E!\%\n$C%DZ\o;vx|#\>V\Xx\\Bv(,7\\Äގ:}7A\08џsN;i\C~gzG\'X>g=͈qEа\_\}\t}\N+\{7gŇE8\'q\\\s\\}VGO\v{e`?\l\0\lChkFAdJ+\jul\\nPR+9^R)RY$d\$Z\\dX	$|\rTCF\\[(g\0\e\'M\ZI7\OOto\\/\Z|/}N<\f\lmAY8Ld\rx)3l \frA5t,*rW,\\\fHSKQ+E)&RaR2\PJE!N\'\\\\\ִ[\@v-F\d;cKz\|l~\'l\1\!\>0|o?\\N%Su\{\"\\\\p=\\\=\}\0~\G\W\`\\\\g\0[N:h68\Z\\n\0}O2x%X\r9\=\\5һcqP%4q\\'#JDJ*d(ؙ4+MV\I,,R-\nͨBI=\\Tv䬅pP!S8IBJ$R!`B\1	5_Vp`♻uj\\Z,Xis,%\-\o\\?F;.	? ]yf2l\\hQ\\ejp\ɹ$%C})<\$B)k+%J&\\*\%k\\\#1\kN\\'\ie\\Km,/kŦ-YcZ\{\\\\\do\\Ͻ\&\\\\^k~\#\"\>\|\g \Gԉ\\ܚ\\\0P܈Éed-6afz\k9I\T\\\\0=\%V\*j˨\X8\%\X\Zb\\\pY^\Cu0k|^-R\nJ\/,d(\\R\D\(\B\\\ZeE4y\Z(_<\U\"\Pu\{\X\HAb7S\/\0\r\<Uxz*\T\\^E&E\6EiY\6\>\"\\q0ܽ0R(]IҀ*`t\:HM1!Yn\npR}\\%7Gb\s5k\'\0fə\\聪s\g%SmEA%U.9PQh=\&\ګ:\\W\Սo2Sj\:yQ<$iB\\\hU\G%\\|r\sQj%ʚ\bl\\*D\/Ԟ\)o)3\#A\\ȧ\r,_V\B\\05ĸb\N*+\%\>*f\EB플\ TN3!:H& Q%H\m=I\0#\Y\\|\\\e\G[\avv\\|\xh~k\b6#\@q긶[l,k\\\]rz?i\ZO9\\.-x\C.\#\\n2\c\2Ii\ߊ\:\\\lf\]W!\<\\GӤ\\\u\eyQn\"\KGa\\\Z8X\\\O24V\Ty<\\ q\\m\:fv$ɰRF\\\b2Y\\\v~$efωRZ\\^v\"\\:9E1a6\\s45ҕ#3	Gq}o4\\\J:\'g\\U\\0w֠<\!7+$ylu0\m\^\NY;-y.8\;\x<2<uV=,>JeEi	\n\Dγ\;I\n\];T}\>yQ5a[ThfR\r[k\ݑ\rR\rR\\UDw 5J2\0\9evtP\ZmAU)ЦZ\O ¼\0RHAhN)I1\%4M=7i\D{\\4wM\HP~𯞟5F\KF\Z-7\\>/\:\goUi&\\YU|l\\\=\\\Z\\0Q\sȮkHE͑WIv3h\\\Z4z!\E!&\OVӇ\~E]ф`N\DJ\.5\ap}c_\H9q^\&X\nBq8](<<v\nY\#=\ΟK.\~\6+;\O\a\ZxC&44^\ޭ3u\g./!\\Ey[xV+_%Ão ~M\;\\\X\0<Z(@-A%}\u|X?|A>$\ZKs\{\\\mN\sd5ј\xfk\i\3-ι\m\5Ł\N[6\'x4Ay+|}j~\\K\F`MH=o\^\\Cx8\Z$\\;gH#\|$p&+a\췷NM2?>%t=\0)\	\l4)\0\\'dl\g\\\\'$jz|r^,l6$f\2@\̭\+w\M$Mdd[c\θJ:KtAtϡ\\\\Et\n\gv%\\ݭ\&h\0\9u	=;\w@a.4M\z%\\>]K6,\Q-\cn\\nˋKZ2mnWǽ\\\H{\܄w.Em?.MXQp	R\0`BA(*$h\xdU\0ǎ\q\\an<Z-7C\K+18l]>(\\03cƕ\q8lۼ\\\\/i\r[4\g1Q\p\Z\ØUM\\\\iٟ4#l\d\\e(<\\5|\"?u\\7\\ܒ	^ne>\r2&i\\0VC\<#\8n\\!cf\ô\\\p\\G}\\\]?\\h\H\\\}\p8o\KA\м\EI\9[\NOI\QG\\=\dl6\0\>3z\3{M!z-\\hG(hx֋MW\啻;=\[Ϯч\\vN\yD?\\欂0Zx\]e\M{N*2_\\E\3K\\#\6\\\\U\\c4y\hS	g.\r\Z)-\`Ry\ZwQ\n\\%\-Ku\śgbb4^ƗKj\ya[\NN\1ۮU/O\ԃr\j\.\0\\8.\M\KP\nTi\\W!+e%ȱ\nA\\T0\@!L	\0TBeW%H\rq);\\qI7+\Rr@/\X~\B\7DM\0i$~&\\\ZI\q\Ѐ;f;쐇\\\K\\ӛ\Q\\&B)A~<>K\\G$2dŤ\XC\K\>6q읹\'\;\I}\x&\\y>;p\\֤mLasx[ַKwj\\\ć6\Wpc!\6\)\0\1\m\]eI,瑜LL\0^=\}ѽVs^wc\3A\OY@ޗ\>W}*\mc\9Xm\{\\]80~\"丘4\a\G{\t\Z<J\rxt{l*W\,rgc08XC\Iwgd-\o\0)?\\\s\\\ZZ6\\LA7=\\q?gd\\	O\\\1\'\i\<0\=\ӿ\?P1S7\\Rd\'\%+\0\0\<k\d_Ĥ\Z~ixz\\v\8\_5\r.\Z_\\\0~AKgaZ|iX6\\I#l%\.\}Q\c\:H\<Hӣ ?.\p\`%n\\\!k\ߑRzf\~bԃBL\c֟PE\\ϼ\<(01v\+\R\67{i!4\\Є$! !@B\0T$\r: 6\\g>\r7]|x0c\\'\,\H\\0<B\0c`:y\'ƾC%k68\ӒhF\0\\n톐`\Z\-\! \Z-4$\Oy@\߅hM\>\N\\#5\)\4M>W\\Є\0\\0c\8\0Hrv\\"~)\\\\11\Ƈ\>\o %9x\K>\2\0$\ev\sA\6@ f]\B\',6),(187,'12343257777','AZUCAR','',33.00,1,100,500,256,'kilos','',7),(188,'7790070507105','yerba Mate','Cruz de malta',100.00,1,10,50,15,'kilos','',7),(189,'12346','bolsas 30x40','',5.76,1,66,100,80,'unidades','',5),(190,'','Frutilla al Agua x 10 kg','Rincon',360.00,1,10,45,20,'balde ',_binary '\\\0JFIF\0\0\0\0\0\0\\0\0	!\Z\Z( \'\Z!1!%)+...383-7(-.+\n\n\n\r-& %-/----5--//-----.//0-------/------/-------/---+---\0\0\"\0\\0\0\0\0\0\0\0\0\0\0\0\0\0\0\\0<\0\0\0\0\0!1A\"Qaq2BR\#\b3Sr\\0\Z\0\0\0\0\0\0\0\0\0\0\0\0\\0-\0\0\0\0\0\0\0\0!1AQ\"a2q\\\0\0\0?\0\(\"\"\0\" \"\"\0\\I^\"\"\0\" \"\"\0\" \"\"\0\" \"\"\0\" \n\:Jnw@Jx\T\\C؇\\\]\oU3o\7\\8nZR\\0wŲ;\E#2Mj蚟	\#:\\`.{i\b#iv8A]q\pf\D\\"-KV\\eĨ-\|>sOAr\"\2\4\\j\vL5=t\'UpP\ݙ\\nȤ\$)^\\\"-EEZth\Ӡ:\"8:\\\R\" \"\"\0\" +tk\Ii0FQ)\vù\0\\0e̼⿃k]\0N\rbI\\Co\"eruM79\ev\eo/D9^q<{(RuZ\Z\\'ֳ\.0S5i{r\\OSp^8\Q\-AXu\n\I\>\8O\.-dpW \R\0}ڿ\r\\Cض\\q\\s\0ӏP>ͱ\\bn%Ap\SCI$,F\\N`bݔˈ\K\a\\.\\Q<OĔi88rLO.kCs5q$ϢV\\\\\'mGu\\T9&\\S0w\@\8\\j|\	&J\\kr\s4.T`ZO\:h|\\3r\'/cq6\<?\8Vn㪛ZWr\i\!\r\\u^7\'˖J\"^X%\kGW\\\\+.(*վ6(Sմ\F\\Էة*<F\c\\:HC@\c\\\,\{\.ēx#D0هv\\\hO~GL\ [\tmjL\\\4>Jr^\Dg\\$]\r\0cW\ZK\sI:\玚Ոn>M(\0:\ZիU7\rhlqѫ\ʻY܎\\"\"\0\" ^VaX\\Y%t+-@\o\G\o\'\#\cn3g\ГLd\iDXe/\'\@>\\Z\kZ`\\s.=!tR5~SE\\VC&[\ \˺\\/S\o\936\\oq\\\yS\ZԇH\\,AZ\3\\T\!%0!\}0\|ٌ4e\\S\\0x64ы@\8\@\ִ\0q?Uc8]P7)k5kZ玀ċ\歽\\p$6/\<Wm\syp\\=W\"6l)\GV\1U\O\=W<\,,h\0G\\rü\A\ Xn \Lï\|;\\n\kiep=}w\n3W>mΞC\\ݝ>A3 Q8ʅ/,S=+\߱OĩIX5\:j\\\k~D}\K\f\R\H0,M,$I\n\nY\E$˔i\q~\t\0\rx\\44r~H\<7\Tql\]	\p\"\ʧת\Zgᇺ\&\&` \o:ZFN\Z.q-BD\z\Nm0\0\nbm\k[\ZB춒\\\#\cq,FpǸ9͜\r4\0*q8\C+r4\\r{W,R\8ћ,\I\1\Yvc3M\\ɝa\[\G+\\\\\0\0^`zM4\HuSTtؿ[\X\kNw\)+7,\ #P\'~A\0$Y\0\4\F\s\\	8G\'\c\Y!\ӽ\0\g\\\pl\wQ e\\ôաR6T\	Ɔ7\[u\\,0A6\\Z.I\\OK%Qa`\ZQ\c%%h\D@xB\cƘ\w\9\Zl*4\\&G\y7!:.oþ\h5wu>vy\(}\	\\\\>\J^̑\_P6c-̄8\5\Ac|{CH\ 8h2\"2\\\0\񜰜͈H$i\\\U\(ߍ^\\&NS#\qg\MQ\\\$e\ʝv]\qj.ug\n\e \\H5T^\sKD\\8۔OU\]\0M\s9De`\M6:Fp\\\\4\K\\\}>8%<}jB%Lܳp	\{\\3\\,Ku\Zt\_g\9򜽏,f\X\\.\\~E&sא\H\\	\\\0t\Z\0\b\\\>hN#\\\h/=A\nItL\\A1o˺\\\r5\\Mȅ\jR\\Zvph\\ʎ|8\\`\c\Y+d\<Jz\y7#A|\f\'ڵ\\Zɴ\\\flHe\&c/!.yEYׅDZDA嘐msj\/k\Zۨ\O\`\\nٚ\B\4u.\3t\{,*4]L).L\\KY1ɚ@\RV\3oݪ\,yfhw\0l0űV\\L5\"5\0$Χ\E\q\s\Z\\\>l\\<\v\n\reLĩQ%ĵ2\Sl\#pot{v\_{4Xc˃̠:\m\\1\Z\\48|\{`\\S\\7\\E:M\\\f \y\\'c>53R|Q\\yJ:<Ⱦm;~|\\y0\Z]`a!\`sL~ck\`@Y^\\}b+\M\|M\wp\(\G\tf\^$\ι\_2!\3|\nc@C\_(-؁p\\Fg[A0R8z\\ÆX	\\\+E\o\d\]L\漍\Ew	{C\Z\0+\`.\rL곰ԤT4ׂA\ZDyAIE4rgĲE\[f|\'Ę\\r\6{j\\0\+q/\Z?Uikge61y+\1EVa0:\_PV\\o,9\	eSp\_)\\\~G\\,Sr\". \cYy\\\\v*acc̢\\0}Oa\VUZ\>\\\-ĳ ;\\M^G6\Z\\a;\0x:ÇA6knOwgUQ	pP\ :6\\/3#E\\\pyo\\\`)\\\0M\[MKc(fH2A=\\\?[\\u&\\$ukn&%\,*F(\\\{\Zg\d\Bg\C֊T\9\ZrT\\sK<Dy\RCߎ)\յ^\v\06\"\C2.o7N1,h\\Z\rUXjٚK]h& 9\$y\HI\\\M#u3|#O9Z\0o\n\FE\xۯDd\ \diV\WUeXG\\Z\0ɸ7tEV#7\n/}Հ\\#(\\'P\'\\kz0\C\aiD,JS$볳+\9\D6X\ES2mmF\0h2hSEo\A\\\\'\\\'XNv\H￺\\071@U4\1*\"Uk4ݭثXDۺ\\\T_M\\/\rcL\\eA\-\0+Xm@I&dc\\l\0\6C w=TlYTd\ϫC+D)Zh-.h-\nW1/sb@\0;(i$\}.ej`L\m\)\d!Ӛ5Tvh\~%ŏƒ\\<x\\䐦;gO][u\\W٘CWj]V`kDc9/u.X\\67|.{r\eyv\\i\n 03]6\\6WN`is\$\Z	i3fm\\{o\\o	u*ђ>\\\G\oO^Ɨ@\t*l\=k#C]nkvj:[\\&ϲF95$\A}t\U{\ˆo-h24rDt\\\_\\	\\0뮪k\\ԑf<	[I?ΊJ[c182\Eu=)폐\EêT\&L\춎8Z\\0\\~\'O\O4/:W{\1\iga\\;ЬE\>\0Z<4\ML\\Z\\;^\\mH8)*d5f\7&U\?5G\iww8ho\n\ |\0ܿ\0&\i_\\\&I]rqPJ(|&N9\Zl3\T1ܤ<\0\\9\\\\o6T!<3]ok\H\\t\}$d\#\9\f51\\0c9-p<mR8\˹\	\<V\r\{؍VHѿVq\Zs?l\`	\*\&q<$v\Z~h\\ioƺ+9kz\q@u簾oY{N2sA\rH=\BSrD[0:K3\$\]E+5ї^^ַ,]C\Sz~G\0]ĕe\\\SlΝZ\'C{m&g\BH|:nH\F@\\uo\\KQ\\\A\neX|L\Aq [\cSy\Z#\0\	\ZUm\\\1gR#`z)B[끘H;_U=°}6\0\&#8\t\Zn[|XE\\m:BZܭs\4٤f`iI\KԬ\\\8j4֩BCVh&21وc\\7;i`\[\D惘\ZH\(ТƸ\T-w\\g#m0&GEŏ\a\\c+m}\\U6\kZo_\0KfFs\Ƶ\nC:s§Q\k\K`\ZN\3G/j0eii#bH6\\a%r\\	\}\M\zii@\'C.\Ɲ`\\\\\'|\\@Y\H\S[\\rEt\0\\9H\z\0eM:7\"\~\\JEư\0\&`i\kx\f@1\5\\1U4RT/I\LF~Kbf&\lS\gbMGQ\\0\<L\\\\=h+g?^K3~\ݨPEO\u/+=w-D@\+P2Y\9[I\0+~P^-!P6ru+\\\\ʽ\csKC3{\0_[P\\h0t\fqmZ\0v\0\zY,#\ELU-=\Z\$^-\Z4\mvaް;\J\~nm\"\c\X1?k\b\(l|\߾YغD\\\okJ\f\\V[uF,[Ilu\86\\\ro\n7\\\q\u@e\\M\\e6U\\\"4.t{{*H\\rt\\\\\G[lkee.2.t\0\XU\0\se1m\\B3V	%\\/\\\\~Q\\\e=\\i\<\:\0\\:\P2\P3ƴ:-.\zQB\\\0cUz@\\%)i63NVW΄f\|J\`Ժ\am 5\EJp^Ǒ\e\\5\&\"M\p2jD8I;DfTxfA\`M\q\\6\{ه\\|\KcReX\rC@$bLzn䜜C,Ú\r\ y\1\s:~6u\]>nb \\5\ۨ\m\/4&NܪZ\\b\1\H4E\6r\\Z\\	3\+\"`\m\0;N0{}Et[\w\\9kd\1E&mQw\0\nJm61\A`/mgkA7?\Z\h\\\\6zPy\jeSq{.q9_T\\0\\|;P06K\mew4(1\w\;\r=\\\3\2\\\\D]\0DDx\\"A\@i~\"\`/\o\Z.EB\@\',\^\\\oZ\0\Z#h|\\\\ޱ=~\T._ɪ\r\bz\F[\ͽu3\N\r^\r\\\ZwI\\.W\G4g\-\Zd\\\A\\\\Y\sKssﮊ\zTS\1\\o\WӝA\ΰzzz3P\i\\h\@7>w^ԮLEa2\L\P%&nE\\2\\U\/\˾\\n\0.?tI&gk?ĂzF\c0\\nu+\Z.\\\kA\\ɛ\{ª˴.-ᦧ\*;;ʂ\j燉T;\\r|RcM\\!ktiE\\Z=G{ZM\04dL\d\t0=˹\\ܵI\0\Z\\QJt\\#^L$\i\?p.\Z^g\?X}\Z\\t\=\4\"s֎\+\v_i+\?m\\0A\kyoV\D@\NPu\tSEyx1&&6@N[\\Y\*`EBcEk\ʤ\KZ\'P\\]\%\ZI\\\?`Ǆ\)T\oSܫ\\\qĵ߱\?\Z_׮\*Z:\v@1QT͚Yg\ \AD@\0^^(`\\\\PC+V\^\0\\2YV[$*8Y3N3c~\(\sǪ\}\PەxXyh\y:LK>J\Ocٰ\]\\\n^$i:h\Ʒ\\\e`֣\\\\\`\+O\\?*(\x:3\y\ah\uS\wՃ\Xw\)\\\gE\g\S:>w\\_\~T\Z\ppz\ǚ\^}Wc\0O\\Z_;\%q8}F|9\-b\i}\w\cPC\\ab\\0u8=lv||Wh\{.\aF\ɣ\L;\0WX_\äyy,\?F\)7Fe\+F+h\\\l°f\g@[,\\rW9\m0HU#qY\\tMl\\W9۽\\"!D@\0DDD@\0DDD@y	z\nr\HN@ʽDy	\R\" \"\"\0\" \"\"\0\" \"\"\0\" \"\"\0\" \"\"\0\" \"\"\0\',1);
/*!40000 ALTER TABLE `productos` ENABLE KEYS */;
UNLOCK TABLES;

--
-- Table structure for table `productos_lote_produccion`
--

DROP TABLE IF EXISTS `productos_lote_produccion`;
/*!40101 SET @saved_cs_client     = @@character_set_client */;
/*!40101 SET character_set_client = utf8 */;
CREATE TABLE `productos_lote_produccion` (
  `id` int(11) NOT NULL AUTO_INCREMENT,
  `productos_id` int(11) NOT NULL,
  `lotes_produccion_id` int(11) NOT NULL,
  `cantidad` decimal(10,0) NOT NULL,
  PRIMARY KEY (`id`),
  KEY `fk_productos_lote_produccion_productos1_idx` (`productos_id`),
  KEY `fk_productos_lote_produccion_lotes_produccion1_idx` (`lotes_produccion_id`),
  CONSTRAINT `fk_productos_lote_produccion_lotes_produccion1` FOREIGN KEY (`lotes_produccion_id`) REFERENCES `lotes_produccion` (`id`) ON DELETE NO ACTION ON UPDATE NO ACTION,
  CONSTRAINT `fk_productos_lote_produccion_productos1` FOREIGN KEY (`productos_id`) REFERENCES `productos` (`id`) ON DELETE NO ACTION ON UPDATE NO ACTION
) ENGINE=InnoDB AUTO_INCREMENT=26 DEFAULT CHARSET=latin1;
/*!40101 SET character_set_client = @saved_cs_client */;

--
-- Dumping data for table `productos_lote_produccion`
--

LOCK TABLES `productos_lote_produccion` WRITE;
/*!40000 ALTER TABLE `productos_lote_produccion` DISABLE KEYS */;
INSERT INTO `productos_lote_produccion` VALUES (3,183,2,0),(4,185,2,0),(5,184,2,0),(13,177,4,0),(14,185,4,0),(15,178,7,0),(17,184,7,0),(20,176,1,5),(21,185,1,8),(22,176,9,3),(23,184,9,1),(24,177,9,5),(25,190,5,10);
/*!40000 ALTER TABLE `productos_lote_produccion` ENABLE KEYS */;
UNLOCK TABLES;

--
-- Table structure for table `saldos`
--

DROP TABLE IF EXISTS `saldos`;
/*!40101 SET @saved_cs_client     = @@character_set_client */;
/*!40101 SET character_set_client = utf8 */;
CREATE TABLE `saldos` (
  `id_producto` int(11) NOT NULL,
  `id_deposito` int(11) NOT NULL,
  `cantidad` float NOT NULL,
  PRIMARY KEY (`id_producto`,`id_deposito`),
  KEY `id_deposito` (`id_deposito`),
  CONSTRAINT `saldos_ibfk_1` FOREIGN KEY (`id_producto`) REFERENCES `productos` (`id`),
  CONSTRAINT `saldos_ibfk_2` FOREIGN KEY (`id_deposito`) REFERENCES `depositos` (`id`)
) ENGINE=InnoDB DEFAULT CHARSET=latin1;
/*!40101 SET character_set_client = @saved_cs_client */;

--
-- Dumping data for table `saldos`
--

LOCK TABLES `saldos` WRITE;
/*!40000 ALTER TABLE `saldos` DISABLE KEYS */;
INSERT INTO `saldos` VALUES (3,9,4),(5,9,974),(5,14,70),(7,9,49),(20,9,14.7),(77,9,7),(115,9,85),(119,9,0),(123,9,5),(176,12,3452),(177,12,0),(178,12,5.5),(181,9,4060),(183,9,82),(184,12,1203),(185,12,0),(185,14,0),(186,12,0),(187,9,50),(187,12,0),(187,14,3),(188,9,157),(188,14,17),(189,9,22),(190,12,10);
/*!40000 ALTER TABLE `saldos` ENABLE KEYS */;
UNLOCK TABLES;

--
-- Table structure for table `situacion_IVA`
--

DROP TABLE IF EXISTS `situacion_IVA`;
/*!40101 SET @saved_cs_client     = @@character_set_client */;
/*!40101 SET character_set_client = utf8 */;
CREATE TABLE `situacion_IVA` (
  `id` int(11) NOT NULL AUTO_INCREMENT,
  `situacion` text NOT NULL,
  PRIMARY KEY (`id`)
) ENGINE=InnoDB AUTO_INCREMENT=7 DEFAULT CHARSET=latin1;
/*!40101 SET character_set_client = @saved_cs_client */;

--
-- Dumping data for table `situacion_IVA`
--

LOCK TABLES `situacion_IVA` WRITE;
/*!40000 ALTER TABLE `situacion_IVA` DISABLE KEYS */;
INSERT INTO `situacion_IVA` VALUES (1,'Responsable Inscripto'),(2,'Responsable No Inscripto'),(4,'Responsable Monotributo'),(5,'Exento'),(6,'Consumidor Final');
/*!40000 ALTER TABLE `situacion_IVA` ENABLE KEYS */;
UNLOCK TABLES;

--
-- Table structure for table `talonario`
--

DROP TABLE IF EXISTS `talonario`;
/*!40101 SET @saved_cs_client     = @@character_set_client */;
/*!40101 SET character_set_client = utf8 */;
CREATE TABLE `talonario` (
  `tipo` varchar(10) NOT NULL,
  `ultimo_usado` int(11) NOT NULL
) ENGINE=InnoDB DEFAULT CHARSET=latin1;
/*!40101 SET character_set_client = @saved_cs_client */;

--
-- Dumping data for table `talonario`
--

LOCK TABLES `talonario` WRITE;
/*!40000 ALTER TABLE `talonario` DISABLE KEYS */;
INSERT INTO `talonario` VALUES ('ING',28),('EGR',6),('TRANSF',6);
/*!40000 ALTER TABLE `talonario` ENABLE KEYS */;
UNLOCK TABLES;

--
-- Table structure for table `tipo_producto`
--

DROP TABLE IF EXISTS `tipo_producto`;
/*!40101 SET @saved_cs_client     = @@character_set_client */;
/*!40101 SET character_set_client = utf8 */;
CREATE TABLE `tipo_producto` (
  `id` int(11) NOT NULL AUTO_INCREMENT,
  `nombre` varchar(45) DEFAULT NULL,
  PRIMARY KEY (`id`)
) ENGINE=InnoDB AUTO_INCREMENT=9 DEFAULT CHARSET=latin1;
/*!40101 SET character_set_client = @saved_cs_client */;

--
-- Dumping data for table `tipo_producto`
--

LOCK TABLES `tipo_producto` WRITE;
/*!40000 ALTER TABLE `tipo_producto` DISABLE KEYS */;
INSERT INTO `tipo_producto` VALUES (1,'Comunes'),(2,'Especiales'),(3,'Al agua'),(4,'Insumos'),(5,'Impulsivo'),(6,'Reposteria'),(7,'Materia Prima'),(8,'Super Especiales');
/*!40000 ALTER TABLE `tipo_producto` ENABLE KEYS */;
UNLOCK TABLES;

--
-- Table structure for table `ventas`
--

DROP TABLE IF EXISTS `ventas`;
/*!40101 SET @saved_cs_client     = @@character_set_client */;
/*!40101 SET character_set_client = utf8 */;
CREATE TABLE `ventas` (
  `id` int(11) NOT NULL AUTO_INCREMENT,
  `fecha` datetime NOT NULL,
  `lista_precios_id` int(11) DEFAULT NULL,
  `clientes_id` int(11) NOT NULL,
  `observaciones` text,
  `estado` int(11) NOT NULL DEFAULT '0' COMMENT '0:abierto, 1: en preparacion, 2:entregado',
  PRIMARY KEY (`id`),
  KEY `fk_ventas_lista_precios1_idx` (`lista_precios_id`),
  KEY `fk_ventas_clientes1_idx` (`clientes_id`),
  CONSTRAINT `fk_ventas_clientes1` FOREIGN KEY (`clientes_id`) REFERENCES `clientes` (`id`) ON DELETE NO ACTION ON UPDATE NO ACTION,
  CONSTRAINT `listaprecio` FOREIGN KEY (`lista_precios_id`) REFERENCES `lista_precios` (`id`)
) ENGINE=InnoDB AUTO_INCREMENT=62 DEFAULT CHARSET=latin1;
/*!40101 SET character_set_client = @saved_cs_client */;

--
-- Dumping data for table `ventas`
--

LOCK TABLES `ventas` WRITE;
/*!40000 ALTER TABLE `ventas` DISABLE KEYS */;
INSERT INTO `ventas` VALUES (45,'2019-11-23 00:00:00',1,6,'',2),(47,'2019-11-23 00:00:00',1,6,'',2),(48,'2019-11-23 00:00:00',10,6,'',2),(49,'2019-11-24 00:00:00',1,6,'',2),(50,'2019-11-25 00:00:00',10,6,'',2),(51,'2019-11-24 00:00:00',1,6,'',1),(52,'2019-11-24 00:00:00',1,6,'',2),(53,'2019-11-25 00:00:00',1,6,'',0),(54,'2019-11-25 00:00:00',10,8,'',2),(55,'2019-11-25 00:00:00',1,10,'',2),(56,'2019-11-26 00:00:00',1,10,'',2),(57,'2019-11-26 00:00:00',1,6,'',2),(58,'2019-11-26 00:00:00',1,6,'',0),(59,'2019-11-26 00:00:00',1,6,'',2),(60,'2019-11-28 00:00:00',1,6,'',0),(61,'2019-12-04 00:00:00',1,8,'',2);
/*!40000 ALTER TABLE `ventas` ENABLE KEYS */;
UNLOCK TABLES;

--
-- Temporary table structure for view `vista_movimientos`
--

DROP TABLE IF EXISTS `vista_movimientos`;
/*!50001 DROP VIEW IF EXISTS `vista_movimientos`*/;
SET @saved_cs_client     = @@character_set_client;
SET character_set_client = utf8;
/*!50001 CREATE VIEW `vista_movimientos` AS SELECT 
 1 AS `id`,
 1 AS `fecha`,
 1 AS `cantidad`,
 1 AS `depositos_id`,
 1 AS `observaciones`,
 1 AS `lotes_mp_id`,
 1 AS `productos_lote_produccion_id`,
 1 AS `comprobante_asociado`,
 1 AS `nombre_deposito`,
 1 AS `deposito`,
 1 AS `productos_id`,
 1 AS `vencimiento`,
 1 AS `lote`*/;
SET character_set_client = @saved_cs_client;

--
-- Temporary table structure for view `vista_ventas`
--

DROP TABLE IF EXISTS `vista_ventas`;
/*!50001 DROP VIEW IF EXISTS `vista_ventas`*/;
SET @saved_cs_client     = @@character_set_client;
SET character_set_client = utf8;
/*!50001 CREATE VIEW `vista_ventas` AS SELECT 
 1 AS `id`,
 1 AS `fecha`,
 1 AS `clientes_id`,
 1 AS `razon_social`,
 1 AS `comprobante_asociado`,
 1 AS `total`*/;
SET character_set_client = @saved_cs_client;

--
-- Final view structure for view `vista_movimientos`
--

/*!50001 DROP VIEW IF EXISTS `vista_movimientos`*/;
/*!50001 SET @saved_cs_client          = @@character_set_client */;
/*!50001 SET @saved_cs_results         = @@character_set_results */;
/*!50001 SET @saved_col_connection     = @@collation_connection */;
/*!50001 SET character_set_client      = utf8mb4 */;
/*!50001 SET character_set_results     = utf8mb4 */;
/*!50001 SET collation_connection      = utf8mb4_unicode_ci */;
/*!50001 CREATE ALGORITHM=UNDEFINED */
/*!50013 DEFINER=`root`@`localhost` SQL SECURITY DEFINER */
/*!50001 VIEW `vista_movimientos` AS select `m`.`id` AS `id`,`m`.`fecha` AS `fecha`,`m`.`cantidad` AS `cantidad`,`m`.`depositos_id` AS `depositos_id`,`m`.`observaciones` AS `observaciones`,`m`.`lotes_mp_id` AS `lotes_mp_id`,`m`.`productos_lote_produccion_id` AS `productos_lote_produccion_id`,`m`.`comprobante_asociado` AS `comprobante_asociado`,`d`.`nombre` AS `nombre_deposito`,`d`.`nombre` AS `deposito`,`l`.`productos_id` AS `productos_id`,`l`.`vencimiento` AS `vencimiento`,`l`.`numero` AS `lote` from ((`movimientos` `m` join `depositos` `d`) join `lotes_mp` `l`) where ((`d`.`id` = `m`.`depositos_id`) and (`m`.`lotes_mp_id` = `l`.`id`)) union select `m`.`id` AS `id`,`m`.`fecha` AS `fecha`,`m`.`cantidad` AS `cantidad`,`m`.`depositos_id` AS `depositos_id`,`m`.`observaciones` AS `observaciones`,`m`.`lotes_mp_id` AS `lotes_mp_id`,`m`.`productos_lote_produccion_id` AS `productos_lote_produccion_id`,`m`.`comprobante_asociado` AS `comprobante_asociado`,`d`.`nombre` AS `nombre_deposito`,`d`.`nombre` AS `deposito`,`l`.`productos_id` AS `productos_id`,(`lp`.`fecha` + interval 6 month) AS `vencimiento`,`l`.`lotes_produccion_id` AS `lote` from (((`movimientos` `m` join `depositos` `d`) join `productos_lote_produccion` `l`) join `lotes_produccion` `lp`) where ((`d`.`id` = `m`.`depositos_id`) and (`m`.`productos_lote_produccion_id` = `l`.`id`) and (`l`.`lotes_produccion_id` = `lp`.`id`)) */;
/*!50001 SET character_set_client      = @saved_cs_client */;
/*!50001 SET character_set_results     = @saved_cs_results */;
/*!50001 SET collation_connection      = @saved_col_connection */;

--
-- Final view structure for view `vista_ventas`
--

/*!50001 DROP VIEW IF EXISTS `vista_ventas`*/;
/*!50001 SET @saved_cs_client          = @@character_set_client */;
/*!50001 SET @saved_cs_results         = @@character_set_results */;
/*!50001 SET @saved_col_connection     = @@collation_connection */;
/*!50001 SET character_set_client      = utf8mb4 */;
/*!50001 SET character_set_results     = utf8mb4 */;
/*!50001 SET collation_connection      = utf8mb4_unicode_ci */;
/*!50001 CREATE ALGORITHM=UNDEFINED */
/*!50013 DEFINER=`root`@`localhost` SQL SECURITY DEFINER */
/*!50001 VIEW `vista_ventas` AS select `v`.`id` AS `id`,`v`.`fecha` AS `fecha`,`c`.`id` AS `clientes_id`,`c`.`razon_social` AS `razon_social`,`m`.`comprobante_asociado` AS `comprobante_asociado`,sum((`i`.`precio` * -(`m`.`cantidad`))) AS `total` from (((`ventas` `v` join `clientes` `c`) join `item_venta` `i`) join `vista_movimientos` `m`) where ((`v`.`id` = `i`.`ventas_id`) and (`c`.`id` = `v`.`clientes_id`) and (`i`.`movimientos_id` = `m`.`id`) and (`v`.`estado` = 2)) group by `v`.`id`,`v`.`fecha`,`c`.`id`,`c`.`razon_social`,`m`.`comprobante_asociado` */;
/*!50001 SET character_set_client      = @saved_cs_client */;
/*!50001 SET character_set_results     = @saved_cs_results */;
/*!50001 SET collation_connection      = @saved_col_connection */;
/*!40103 SET TIME_ZONE=@OLD_TIME_ZONE */;

/*!40101 SET SQL_MODE=@OLD_SQL_MODE */;
/*!40014 SET FOREIGN_KEY_CHECKS=@OLD_FOREIGN_KEY_CHECKS */;
/*!40014 SET UNIQUE_CHECKS=@OLD_UNIQUE_CHECKS */;
/*!40101 SET CHARACTER_SET_CLIENT=@OLD_CHARACTER_SET_CLIENT */;
/*!40101 SET CHARACTER_SET_RESULTS=@OLD_CHARACTER_SET_RESULTS */;
/*!40101 SET COLLATION_CONNECTION=@OLD_COLLATION_CONNECTION */;
/*!40111 SET SQL_NOTES=@OLD_SQL_NOTES */;

-- Dump completed on 2019-12-05 20:42:06
